,CSCK1,CSCK2,CSCK3,CSSP1,CSSP2,CSSP3,CHCK1,CHCK2,CHCK3,CHSP1,CHSP2,CHSP3
OTU_1,2365,3035,2772,68328,66713,71072,875,5993,2919,89270,135790,98263
OTU_2,50509,36539,62723,1974,2073,2538,20604,5956,68041,4217,4254,3773
OTU_3,14821,11328,12150,59,62,105,2704,11929,5982,229,234,469
OTU_4,11438,12297,28889,54,89,82,2114,4486,3214,11,16,7
OTU_5,886,1143,1316,11465,13042,10683,53,317,114,2,5,0
OTU_6,1706,2877,5695,13,5,38,8,0,39,0,0,1
OTU_7,1347,2189,10890,460,476,659,48,133,237,0,0,0
OTU_8,0,0,0,0,0,0,7194,46,0,0,0,0
OTU_9,0,0,1,1,3,0,2698,386,0,0,0,0
OTU_10,128,341,206,8,19,14,80,1179,336,3,5,0
OTU_11,0,0,0,1,0,0,8752,98,0,0,0,0
OTU_12,19,0,0,0,0,0,8,1849,50,0,0,0
OTU_13,1,0,1,1,0,0,36,1879,90,0,0,0
OTU_14,11,53,10,0,1,1,98,1195,453,0,0,0
OTU_15,0,0,2,3,0,0,2214,0,0,0,0,0
OTU_16,0,0,0,0,0,0,1588,34,0,0,0,0
OTU_17,0,0,11,0,0,0,4538,33,0,0,0,0
OTU_18,285,654,298,0,1,1,0,30,0,0,0,0
OTU_19,0,0,0,2,0,0,1772,0,0,0,0,0
OTU_20,18,0,0,0,0,0,1,1225,31,0,0,0
OTU_21,66,77,61,708,564,1018,0,0,0,0,0,0
OTU_22,5,0,32,18,10,0,1167,786,16,0,0,0
OTU_23,0,0,0,0,0,0,1568,0,0,0,0,0
OTU_24,33,12,12,0,0,1,9,962,50,0,0,0
OTU_25,0,0,0,0,0,0,2128,0,0,0,0,0
OTU_26,0,0,5,0,0,0,835,71,0,0,0,0
OTU_27,0,0,0,0,0,1,2601,0,0,0,0,0
OTU_28,19,26,2,2,1,3,18,1064,664,0,0,1
OTU_29,0,0,13,1,0,0,1017,129,8,0,0,0
OTU_30,5,0,4,0,0,0,1268,18,9,0,0,0
OTU_31,25,0,2,0,0,0,4,1182,132,0,0,0
OTU_32,18,0,5,0,0,0,0,627,222,0,0,0
OTU_33,0,0,0,0,0,0,1407,0,0,0,0,0
OTU_34,0,0,0,0,1,0,1795,65,0,0,0,0
OTU_35,44,443,28,0,0,0,18,302,0,0,0,0
OTU_36,16,0,1,0,0,1,4,1675,176,0,0,0
OTU_37,0,0,0,0,0,0,0,0,2069,0,0,0
OTU_38,0,0,0,0,0,0,1136,0,0,0,0,0
OTU_39,21,0,78,7,6,0,4,481,92,0,0,0
OTU_40,2,0,0,0,0,0,0,631,32,0,0,0
OTU_41,211,269,355,89,55,96,10,122,45,0,0,0
OTU_42,3,0,10,2,1,0,495,46,0,0,0,0
OTU_43,0,0,0,0,0,0,34,358,110,0,0,0
OTU_44,0,2,14,5,2,0,786,320,0,0,0,0
OTU_45,92,207,127,4,7,12,0,38,0,0,0,0
OTU_46,6,4,4,0,0,0,41,257,300,3,5,1
OTU_47,0,0,2,3,0,0,1479,86,0,0,0,0
OTU_48,0,0,0,0,0,0,539,38,0,0,0,0
OTU_49,10,0,0,0,0,0,0,388,32,0,0,0
OTU_50,6,0,6,0,0,1,10,318,204,0,0,0
OTU_51,0,0,0,89,130,206,0,0,0,0,0,0
OTU_52,0,0,22,0,0,0,368,13,0,0,0,0
OTU_53,0,9,8,0,3,1,48,259,83,0,0,0
OTU_54,1,0,6,0,0,0,0,457,0,0,0,0
OTU_55,31,117,93,53,44,90,43,303,34,1,3,0
OTU_56,18,18,19,125,222,177,5,76,56,9,5,6
OTU_57,3,3,3,1,1,2,6,389,0,0,0,0
OTU_58,84,131,102,8,16,13,0,43,64,0,0,0
OTU_59,69,191,115,0,0,0,0,0,0,0,0,0
OTU_60,0,0,0,0,0,0,252,67,0,0,0,0
OTU_61,9,0,11,5,3,1,0,255,53,1,0,0
OTU_62,5,0,7,0,0,0,14,325,30,0,0,0
OTU_63,128,94,134,0,0,0,0,0,0,0,0,0
OTU_64,1,0,0,0,0,0,0,358,0,0,0,0
OTU_65,0,0,2,1,1,0,670,18,0,0,0,0
OTU_66,0,0,8,3,0,0,16,219,86,0,0,0
OTU_67,144,115,87,13,12,10,0,0,0,0,0,0
OTU_68,15,27,16,0,0,0,185,35,127,0,0,0
OTU_69,61,60,89,42,54,71,10,47,0,0,0,0
OTU_70,17,0,23,0,0,0,0,399,106,0,0,0
OTU_71,0,0,0,0,0,0,0,212,54,0,0,0
OTU_72,35,30,15,10,11,15,20,259,28,0,0,3
OTU_73,135,209,123,1,2,3,16,15,21,0,0,1
OTU_74,2,0,6,4,0,0,445,0,0,0,0,0
OTU_75,6,1,1,84,88,150,0,0,0,0,0,0
OTU_76,0,0,0,0,0,0,7,203,48,0,0,0
OTU_77,0,0,0,0,0,0,2,229,71,0,0,0
OTU_78,9,0,10,0,0,0,26,102,140,2,1,2
OTU_79,5,15,4,0,1,0,0,496,254,0,0,0
OTU_80,0,0,0,0,0,0,297,43,0,0,0,0
OTU_81,0,0,0,0,0,0,0,209,0,0,0,0
OTU_82,9,2,3,2,1,2,10,180,82,0,0,0
OTU_83,15,35,28,4,9,4,27,551,124,2,0,1
OTU_84,6,11,1,0,0,0,20,105,71,0,0,0
OTU_85,2,3,5,7,8,8,72,71,41,0,0,0
OTU_86,0,0,0,0,0,0,375,62,28,0,0,0
OTU_87,17,14,38,0,2,5,0,188,46,0,0,1
OTU_88,0,0,0,0,0,0,0,38,155,0,0,0
OTU_89,0,0,1,5,0,0,300,0,0,0,0,0
OTU_90,0,0,3,0,0,0,226,0,0,0,2,0
OTU_91,2,4,3,7,7,8,3,303,11,0,0,0
OTU_92,0,0,0,0,2,0,180,84,0,0,0,0
OTU_93,4,0,21,16,8,17,94,80,209,1,2,0
OTU_94,0,0,0,0,0,0,264,37,0,0,0,0
OTU_95,0,0,0,0,0,0,360,0,0,0,0,0
OTU_96,0,0,0,0,0,0,54,21,129,0,0,0
OTU_97,0,0,0,0,0,0,97,40,200,0,0,0
OTU_98,53,67,78,5,0,3,4,10,13,0,0,0
OTU_99,0,0,0,1,0,0,314,26,0,0,0,0
OTU_100,1,0,1,0,0,2,28,70,69,0,0,0
OTU_101,25,43,17,6,3,38,265,30,103,10,9,14
OTU_102,12,86,43,7,5,13,0,10,0,0,0,0
OTU_103,5,1,1,33,20,2,1,102,34,0,0,0
OTU_104,0,0,0,192,408,116,0,0,0,0,0,0
OTU_105,2,0,0,72,37,63,0,0,0,0,0,0
OTU_106,3,2,4,1,1,0,5,98,100,0,0,0
OTU_107,0,0,0,0,0,0,0,207,0,0,0,0
OTU_108,3,10,9,1,2,5,6,162,15,0,0,0
OTU_109,10,6,29,7,10,7,9,81,0,3,0,0
OTU_110,28,75,27,25,22,17,11,117,142,0,0,0
OTU_111,1,0,0,0,0,0,0,155,0,0,0,0
OTU_112,11,3,2,4,0,0,5,169,0,1,0,0
OTU_113,5,0,0,0,0,0,2,159,0,0,0,0
OTU_114,87,34,46,0,0,0,0,0,0,0,0,0
OTU_115,11,1,25,0,0,0,9,108,13,0,0,0
OTU_116,92,52,138,19,24,13,28,148,80,9,1,4
OTU_117,1,0,0,0,0,0,0,209,45,0,0,0
OTU_118,0,0,0,0,0,0,144,0,0,0,0,0
OTU_119,5,9,1,0,0,0,23,116,23,0,0,0
OTU_120,0,0,0,0,0,0,0,151,0,0,0,0
OTU_121,0,0,1,0,0,0,259,27,0,0,0,0
OTU_122,0,0,0,0,0,0,0,272,0,0,0,0
OTU_123,0,0,0,0,0,0,129,0,0,0,0,0
OTU_124,1,0,0,0,0,0,0,128,0,0,0,0
OTU_125,7,2,1,0,1,0,3,262,41,1,0,0
OTU_126,0,0,0,0,0,0,0,119,17,0,0,0
OTU_127,0,0,0,0,0,0,57,82,0,0,0,0
OTU_128,0,9,0,0,1,0,0,0,131,0,0,0
OTU_129,13,9,19,0,0,0,0,129,0,0,0,0
OTU_130,11,63,39,31,44,38,25,174,233,28,52,37
OTU_131,7,3,0,26,26,28,68,0,23,2,2,2
OTU_132,0,0,0,0,0,0,0,121,0,0,0,0
OTU_133,0,0,0,0,0,0,168,0,0,0,0,0
OTU_134,2,0,0,0,0,0,0,152,0,0,0,0
OTU_135,0,0,0,0,0,0,0,0,137,0,0,0
OTU_136,51,42,28,1,1,0,6,254,14,4,0,1
OTU_137,18,23,19,9,2,3,12,16,244,0,0,0
OTU_138,0,0,0,0,0,0,242,128,0,0,0,0
OTU_139,0,0,0,0,1,0,113,0,0,0,0,0
OTU_140,8,1,1,118,70,0,6,81,70,0,0,0
OTU_141,5,2,0,30,68,80,1,0,19,0,0,0
OTU_142,1,0,0,0,0,0,0,126,0,0,0,0
OTU_143,16,0,2,0,0,1,7,54,37,0,0,0
OTU_144,0,0,0,0,0,0,0,101,0,0,0,0
OTU_145,0,0,0,34,17,0,0,92,0,0,0,0
OTU_146,0,0,0,0,0,0,4,131,4,0,0,0
OTU_147,0,0,1,8,5,3,0,112,7,0,0,1
OTU_148,0,3,0,39,42,76,29,113,36,0,0,0
OTU_149,0,0,0,0,0,0,0,118,0,0,0,0
OTU_150,3,0,2,0,0,0,0,256,0,0,0,0
OTU_151,0,0,2,0,0,0,0,92,0,0,0,0
OTU_152,0,0,0,0,0,0,0,88,0,0,0,0
OTU_153,0,0,0,0,0,0,0,0,102,0,0,0
OTU_154,0,0,0,0,0,0,0,108,0,0,0,0
OTU_155,8,20,28,28,19,40,0,0,0,0,0,0
OTU_156,2,93,4,0,0,0,0,0,0,0,0,0
OTU_157,1,0,0,0,2,0,0,115,0,0,0,0
OTU_158,0,0,0,0,0,0,0,95,0,0,0,0
OTU_159,0,0,0,0,0,0,0,104,0,1,0,0
OTU_160,3,23,9,3,2,1,50,356,141,0,0,0
OTU_161,5,9,5,5,15,8,8,79,25,0,0,0
OTU_162,41,64,1,0,0,0,0,0,0,0,0,0
OTU_163,4,0,0,4,2,0,0,79,0,0,0,0
OTU_164,0,0,0,0,0,0,260,0,0,0,0,0
OTU_165,22,36,40,3,0,2,53,111,0,0,0,1
OTU_166,0,0,0,0,0,0,0,0,110,0,0,0
OTU_167,0,0,0,0,0,0,104,0,0,0,0,0
OTU_168,37,49,64,12,13,28,2,18,253,0,0,0
OTU_169,3,24,11,5,6,11,0,66,0,0,0,0
OTU_170,0,0,0,0,0,0,106,0,0,0,0,0
OTU_171,1,0,0,0,0,0,26,84,72,0,0,0
OTU_172,0,0,0,0,0,0,0,88,0,0,0,0
OTU_173,5,0,5,3,3,0,0,154,39,0,0,0
OTU_174,6,147,2,0,0,0,0,63,0,0,0,0
OTU_175,0,0,0,0,0,0,101,0,0,0,0,0
OTU_176,7,11,11,5,3,2,2,79,13,1,0,1
OTU_177,0,0,0,0,0,0,0,124,0,0,0,0
OTU_178,0,0,0,0,0,0,76,68,0,0,0,0
OTU_179,0,0,0,0,0,0,101,0,0,0,0,0
OTU_180,2,1,0,49,18,0,0,44,0,0,0,0
OTU_181,1,0,0,0,0,0,1,59,18,0,0,0
OTU_182,8,2,0,1,0,0,11,99,25,0,0,0
OTU_183,17,7,22,6,11,3,3,99,0,1,0,0
OTU_184,16,24,19,21,27,31,1,98,3,0,1,0
OTU_185,2,0,2,0,0,0,0,204,60,0,0,0
OTU_186,6,14,4,101,110,105,2,30,81,152,203,186
OTU_187,0,0,0,0,0,0,95,0,0,0,0,0
OTU_188,0,0,0,0,0,0,0,61,0,0,0,0
OTU_189,0,0,3,13,14,0,0,110,0,0,0,0
OTU_190,0,0,84,0,0,0,0,0,0,0,0,0
OTU_191,0,0,0,0,0,0,0,0,84,0,0,0
OTU_192,7,0,0,0,0,0,0,0,63,0,0,0
OTU_193,0,0,0,0,0,0,35,6,41,0,0,0
OTU_194,42,24,18,1,4,1,16,75,0,6,6,3
OTU_195,18,5,1,29,38,36,0,0,9,0,0,0
OTU_196,0,0,2,0,0,0,10,176,0,0,0,0
OTU_197,0,0,0,0,0,0,1,18,83,0,0,0
OTU_198,0,0,0,0,0,0,106,0,0,0,0,0
OTU_199,0,0,0,0,0,0,0,72,0,0,0,0
OTU_200,2,2,2,13,14,22,5,68,0,0,0,0
OTU_201,0,0,0,0,0,0,5,107,44,0,0,0
OTU_202,0,0,0,0,0,0,0,0,79,0,0,0
OTU_203,9,6,15,32,29,52,0,0,0,0,0,0
OTU_204,0,0,0,0,0,0,5,72,64,0,0,0
OTU_205,0,0,0,0,0,0,0,72,0,0,0,0
OTU_206,0,0,0,0,0,0,0,77,0,0,0,0
OTU_207,0,0,0,0,0,2,0,72,0,0,0,0
OTU_208,42,18,0,0,0,0,0,0,0,0,0,0
OTU_209,20,48,14,9,7,0,11,202,29,0,0,0
OTU_210,0,0,0,0,0,0,60,0,0,0,0,0
OTU_211,0,0,0,0,0,0,0,74,0,0,0,0
OTU_212,0,0,0,0,0,0,31,94,38,0,1,0
OTU_213,2,0,0,11,8,0,0,0,67,0,0,0
OTU_214,0,2,0,0,0,0,0,0,68,0,0,0
OTU_215,28,36,37,0,1,0,0,0,34,0,0,0
OTU_216,0,0,0,0,0,0,144,0,0,0,0,0
OTU_217,4,17,1,0,0,0,0,0,0,24,13,38
OTU_218,39,2,27,0,0,0,4,0,0,0,0,0
OTU_219,0,0,0,0,0,0,0,61,0,0,0,0
OTU_220,5,0,0,0,0,0,4,113,0,0,0,0
OTU_221,3,1,0,0,0,0,12,52,0,0,0,0
OTU_222,4,20,23,0,0,0,74,145,0,0,1,0
OTU_223,2,1,1,1,0,0,0,23,39,0,0,0
OTU_224,0,0,0,0,0,0,100,0,0,0,0,0
OTU_225,0,0,0,0,0,0,0,49,21,0,0,0
OTU_226,0,0,0,0,0,0,148,0,0,0,0,0
OTU_227,2,2,0,3,1,0,5,101,16,0,0,0
OTU_228,0,0,0,0,0,0,0,67,0,0,0,0
OTU_229,5,13,1,40,30,34,0,0,0,0,0,0
OTU_230,0,0,0,0,0,0,0,67,0,0,0,0
OTU_231,0,1,0,0,0,0,0,95,0,0,0,0
OTU_232,0,0,0,0,0,0,0,69,0,0,0,0
OTU_233,0,0,0,0,0,0,0,0,76,0,0,0
OTU_234,0,0,0,1,0,0,0,72,0,0,0,0
OTU_235,0,0,2,0,0,0,85,49,0,0,0,0
OTU_236,10,40,0,1,0,0,0,0,53,0,0,0
OTU_237,0,0,0,0,0,1,0,87,0,0,0,0
OTU_238,0,0,0,0,0,0,0,29,34,0,0,0
OTU_239,0,4,0,0,4,0,7,48,3,0,0,0
OTU_240,0,0,0,0,0,0,0,49,0,0,0,0
OTU_241,0,0,0,0,0,0,0,55,0,0,0,0
OTU_242,5,16,5,0,4,0,2,0,56,0,0,0
OTU_243,0,0,0,0,0,0,4,0,60,0,0,0
OTU_244,0,0,0,0,0,0,74,1,0,0,0,0
OTU_245,0,0,0,0,0,0,0,55,0,0,0,0
OTU_246,5,0,0,0,0,1,0,101,0,1,0,0
OTU_247,0,0,1,0,0,0,5,58,0,0,0,0
OTU_248,0,0,0,0,0,0,0,63,0,0,0,0
OTU_249,0,0,1,145,67,0,2,0,0,0,0,0
OTU_250,4,1,8,4,2,4,13,92,195,0,0,0
OTU_251,0,0,0,0,0,0,0,0,60,0,0,0
OTU_252,0,9,1,0,0,3,4,0,41,0,0,0
OTU_253,11,0,10,0,6,0,13,33,19,0,0,0
OTU_254,0,0,21,5,0,0,201,0,0,0,0,0
OTU_255,0,0,0,0,0,1,1,44,80,0,0,0
OTU_256,0,0,0,2,0,0,62,32,4,0,0,0
OTU_257,0,0,0,10,4,0,49,54,0,0,0,0
OTU_258,0,0,0,0,0,0,23,0,33,0,0,0
OTU_259,17,63,33,12,9,7,1,27,144,0,0,0
OTU_260,0,0,0,0,0,0,0,48,0,0,0,0
OTU_261,6,9,4,14,15,38,17,10,0,0,0,0
OTU_262,27,10,15,0,0,0,0,0,0,0,0,1
OTU_263,4,2,0,0,0,0,0,57,0,0,0,0
OTU_264,0,0,0,0,0,0,0,54,0,0,0,0
OTU_265,6,0,4,1,0,0,0,66,0,0,0,0
OTU_266,0,0,0,0,0,0,0,0,51,0,0,0
OTU_267,52,50,49,1,1,4,0,0,0,0,0,0
OTU_268,0,0,0,0,0,0,0,53,0,0,0,0
OTU_269,6,0,3,0,0,0,73,1,0,0,0,0
OTU_270,0,0,0,0,0,0,0,61,20,0,0,0
OTU_271,0,0,0,0,0,0,0,0,103,0,0,0
OTU_272,0,0,0,0,0,0,6,40,0,0,0,0
OTU_273,4,0,1,0,0,0,0,62,38,0,0,0
OTU_274,0,0,0,0,0,1,0,50,0,0,0,0
OTU_275,0,0,0,0,0,0,0,0,51,0,0,0
OTU_276,0,0,0,0,0,0,0,52,0,0,0,0
OTU_277,0,0,0,0,0,0,0,57,0,0,0,0
OTU_278,0,1,2,1,0,0,0,59,0,0,0,0
OTU_279,0,0,0,0,0,0,0,49,0,0,0,0
OTU_280,0,0,0,0,0,0,45,30,0,0,0,0
OTU_281,10,12,90,0,1,0,0,0,0,0,0,0
OTU_282,0,0,0,0,0,0,0,0,42,0,0,0
OTU_283,0,0,0,0,0,0,144,22,0,0,0,0
OTU_284,0,0,8,0,0,0,0,75,0,0,0,0
OTU_285,0,3,0,0,0,0,0,53,0,0,0,0
OTU_286,1,15,2,2,3,2,0,125,0,0,0,0
OTU_287,0,0,0,0,0,0,0,45,0,0,0,0
OTU_288,0,0,0,0,0,0,22,16,48,0,0,0
OTU_289,0,0,0,0,0,0,0,52,22,0,0,0
OTU_290,1,0,0,0,0,0,0,46,0,0,0,0
OTU_291,0,0,0,0,0,0,0,40,0,0,0,0
OTU_292,0,2,2,0,0,0,139,19,0,0,0,0
OTU_293,0,0,0,0,1,1,0,46,0,0,0,0
OTU_294,0,0,0,0,1,0,0,71,0,0,0,0
OTU_295,7,16,25,0,0,1,0,80,2,0,0,0
OTU_296,5,0,0,0,0,0,0,54,0,0,0,0
OTU_297,0,0,0,0,0,0,139,0,0,0,0,0
OTU_298,0,0,0,0,0,0,0,83,0,0,0,0
OTU_299,0,5,24,0,0,1,3,45,45,0,0,0
OTU_300,0,0,0,1,0,0,0,50,0,0,0,0
OTU_301,0,2,0,17,21,30,0,0,0,0,0,0
OTU_302,0,0,0,63,16,0,0,0,0,0,0,0
OTU_303,8,3,15,73,41,38,10,22,0,0,0,0
OTU_304,0,27,0,0,0,0,7,29,0,0,0,1
OTU_305,1,0,0,0,0,0,0,49,0,0,0,0
OTU_306,0,0,0,0,0,0,0,48,0,0,0,0
OTU_307,7,0,1,2,5,0,17,50,0,0,0,0
OTU_308,0,0,0,0,0,0,0,0,52,0,0,0
OTU_309,0,2,0,0,0,0,0,51,45,0,0,0
OTU_310,0,0,0,0,0,0,0,42,0,0,0,0
OTU_311,0,0,4,0,0,0,51,0,0,0,0,0
OTU_312,5,3,2,1,0,1,0,63,0,0,0,0
OTU_313,0,0,0,2,4,3,2,51,0,0,0,0
OTU_314,2,23,10,2,7,11,22,61,1,0,0,2
OTU_315,13,19,3,5,9,9,0,0,0,0,0,0
OTU_316,0,0,0,0,0,0,0,46,0,0,0,0
OTU_317,2,0,0,0,0,0,0,78,0,0,0,0
OTU_318,0,0,0,0,0,0,0,44,0,0,0,0
OTU_319,0,0,0,0,0,1,0,50,0,0,0,0
OTU_320,0,0,0,0,0,0,0,49,0,0,0,0
OTU_321,1,5,0,0,4,3,0,54,0,0,0,0
OTU_322,0,0,0,0,0,0,0,49,0,0,0,0
OTU_323,0,0,0,0,0,0,46,0,0,0,0,0
OTU_324,10,14,15,4,1,3,8,0,38,0,0,0
OTU_325,0,0,0,0,0,0,0,49,0,0,0,0
OTU_326,0,0,0,0,0,0,0,45,0,0,0,0
OTU_327,0,0,0,0,0,0,7,43,0,0,0,0
OTU_328,3,16,2,0,0,1,0,69,0,1,1,0
OTU_329,0,0,5,4,2,0,7,85,1,0,0,0
OTU_330,0,0,0,52,8,0,0,0,0,0,0,0
OTU_331,0,0,0,4,1,0,0,42,15,0,0,0
OTU_332,0,0,0,0,0,0,0,47,0,0,0,0
OTU_333,25,0,3,0,0,0,0,0,5,0,0,0
OTU_334,0,0,2,0,0,0,0,0,40,0,0,0
OTU_335,0,0,0,0,0,0,0,52,0,0,0,0
OTU_336,4,7,3,4,1,3,1,6,21,0,0,4
OTU_337,12,5,13,0,0,1,0,0,25,0,0,1
OTU_338,1,12,11,1,1,2,0,23,0,0,0,0
OTU_339,0,0,0,0,0,0,0,48,0,0,0,0
OTU_340,1,2,0,12,8,25,0,0,0,0,0,0
OTU_341,0,0,0,0,0,1,20,0,27,0,0,0
OTU_342,0,5,0,0,0,0,0,0,37,0,0,0
OTU_343,0,0,0,1,0,0,0,65,0,0,0,0
OTU_344,0,0,0,0,0,0,0,42,0,0,0,0
OTU_345,8,7,1,6,12,27,0,0,0,2,0,0
OTU_346,0,0,0,0,0,0,0,17,18,0,0,0
OTU_347,0,0,0,1,0,2,2,33,0,0,0,0
OTU_348,0,0,0,0,0,0,2,40,0,0,0,0
OTU_349,0,0,0,0,0,0,15,0,24,0,0,0
OTU_350,0,0,0,0,0,0,0,41,0,0,0,0
OTU_351,0,0,0,0,0,0,66,0,0,0,0,0
OTU_352,0,0,0,0,0,0,0,0,46,0,0,0
OTU_353,0,0,0,0,0,0,0,37,0,0,0,0
OTU_354,0,0,0,0,0,0,95,0,0,0,0,0
OTU_355,0,0,0,0,0,0,0,0,40,0,0,0
OTU_356,1,0,0,0,0,0,42,0,33,0,0,1
OTU_357,0,0,0,0,0,0,5,44,0,0,0,0
OTU_358,0,0,0,0,0,0,0,45,0,0,0,0
OTU_359,0,0,1,0,0,0,15,3,26,0,0,0
OTU_360,0,0,0,0,0,0,5,38,0,0,0,0
OTU_361,0,0,0,0,0,0,0,36,0,0,0,0
OTU_362,0,0,0,0,0,0,0,44,0,0,1,0
OTU_363,0,0,0,0,0,0,0,0,43,0,0,0
OTU_364,0,0,0,0,0,0,0,40,0,0,0,0
OTU_365,3,2,0,0,6,5,6,38,0,0,0,0
OTU_366,0,0,0,0,0,0,0,0,35,0,0,0
OTU_367,0,0,0,0,0,0,0,30,0,0,0,0
OTU_368,0,0,0,0,0,0,0,34,0,0,0,0
OTU_369,0,0,0,0,0,0,44,0,0,0,0,0
OTU_370,1,47,0,0,0,0,0,0,0,0,0,0
OTU_371,0,0,0,0,0,0,0,30,23,0,0,0
OTU_372,12,50,5,0,0,0,0,0,0,1,5,0
OTU_373,0,0,0,0,0,0,0,34,0,0,0,0
OTU_374,0,0,0,0,0,0,0,0,40,0,0,0
OTU_375,0,0,0,0,0,0,0,12,38,0,0,0
OTU_376,0,0,3,0,0,0,0,0,34,0,0,0
OTU_377,0,0,0,0,0,0,0,44,0,0,0,0
OTU_378,0,0,0,0,0,0,36,0,0,0,0,0
OTU_379,0,4,0,0,0,0,0,25,0,0,0,0
OTU_380,0,0,0,0,0,0,0,36,0,0,0,0
OTU_381,8,10,13,0,3,1,14,30,0,0,0,0
OTU_382,2,0,0,0,0,0,0,40,0,0,0,0
OTU_383,0,0,0,0,0,0,0,38,0,0,0,0
OTU_384,0,0,0,0,0,0,0,0,29,0,0,0
OTU_385,1,28,0,1,0,1,0,0,36,0,0,0
OTU_386,1,0,0,0,0,0,0,55,0,0,0,0
OTU_387,6,0,0,0,0,0,0,56,0,0,0,0
OTU_388,0,0,0,0,0,0,92,0,0,0,0,0
OTU_389,0,0,0,0,0,0,0,29,0,0,0,0
OTU_390,1,33,0,0,0,0,0,0,0,0,0,0
OTU_391,1,0,0,3,1,0,3,78,48,0,0,0
OTU_392,0,0,0,0,0,0,0,0,30,0,0,0
OTU_393,0,1,2,0,0,8,0,0,25,0,0,0
OTU_394,3,0,0,0,0,0,0,31,0,0,0,0
OTU_395,0,0,0,0,2,3,0,0,28,0,0,0
OTU_396,0,0,0,19,23,26,0,0,0,0,0,0
OTU_397,0,0,0,0,0,0,0,35,0,0,0,0
OTU_398,0,0,7,0,0,0,0,37,0,0,0,0
OTU_399,2,6,7,2,2,3,0,25,0,0,0,0
OTU_400,7,16,8,0,1,2,0,0,0,0,0,0
OTU_401,7,32,9,8,7,8,20,0,0,0,0,0
OTU_402,0,0,0,0,0,0,0,37,0,0,0,0
OTU_403,0,7,0,0,0,0,0,0,38,0,0,0
OTU_404,0,0,0,0,0,0,0,39,0,0,0,0
OTU_405,0,0,0,0,0,0,0,0,34,0,0,0
OTU_406,0,0,0,0,0,0,0,0,28,0,0,0
OTU_407,0,0,0,0,0,0,0,23,0,0,0,0
OTU_408,0,0,0,0,0,0,0,41,0,0,0,0
OTU_409,0,0,0,0,0,0,0,0,30,0,0,0
OTU_410,0,6,0,0,0,0,0,53,0,0,0,0
OTU_411,0,0,0,0,0,0,0,0,34,0,0,0
OTU_412,0,0,0,0,0,0,0,39,0,0,0,0
OTU_413,0,0,0,0,0,1,0,0,29,0,0,0
OTU_414,0,0,0,0,0,0,0,34,0,0,0,0
OTU_415,0,0,0,0,0,0,0,31,0,0,0,0
OTU_416,0,0,0,0,0,0,35,0,0,0,0,0
OTU_417,0,0,0,0,0,0,0,0,30,0,0,0
OTU_418,0,0,0,0,0,0,0,0,29,0,0,0
OTU_419,0,0,0,0,0,0,0,30,0,0,0,0
OTU_420,0,0,0,0,0,0,0,0,31,0,0,0
OTU_421,2,6,18,0,0,0,0,0,0,0,0,0
OTU_422,1,0,0,0,0,0,0,49,0,0,0,0
OTU_423,0,0,0,0,0,0,0,32,22,0,0,0
OTU_424,0,0,0,0,0,0,52,0,0,0,0,0
OTU_425,0,0,0,0,0,0,0,36,0,0,0,0
OTU_426,0,0,1,0,0,0,0,0,31,0,0,0
OTU_427,0,0,0,0,0,0,0,0,29,0,0,0
OTU_428,0,0,0,0,0,0,0,0,31,0,0,0
OTU_429,0,0,0,72,24,0,0,0,0,0,0,0
OTU_430,0,0,0,0,1,0,0,2,29,0,0,0
OTU_431,0,0,0,0,0,0,0,31,0,0,0,0
OTU_432,0,0,0,0,0,0,4,25,22,0,0,0
OTU_433,6,13,21,0,0,0,10,0,0,0,0,0
OTU_434,0,0,0,10,5,22,0,0,0,0,0,0
OTU_435,0,0,0,0,0,0,0,0,43,0,0,0
OTU_436,0,5,0,0,0,0,13,0,35,0,0,0
OTU_437,2,6,0,2,0,2,8,45,33,0,0,0
OTU_438,1,9,0,3,1,10,6,0,12,0,0,0
OTU_439,0,0,0,0,0,0,0,30,0,0,0,0
OTU_440,0,0,0,0,0,0,0,26,19,0,0,0
OTU_441,0,0,0,0,0,0,0,0,33,0,0,0
OTU_442,0,0,0,0,0,0,0,34,0,0,0,0
OTU_443,0,0,0,0,0,0,0,0,22,0,0,0
OTU_444,0,0,0,0,0,0,0,0,28,0,0,0
OTU_445,0,0,0,0,0,0,32,0,0,0,0,0
OTU_446,0,0,0,0,0,0,10,23,0,0,0,0
OTU_447,0,0,0,0,0,0,61,0,0,0,0,0
OTU_448,0,0,0,0,0,0,0,0,24,0,0,0
OTU_449,0,2,0,0,0,0,0,4,23,0,0,0
OTU_450,1,0,0,7,2,0,2,81,20,0,0,0
OTU_451,0,0,0,0,0,0,0,0,32,0,0,0
OTU_452,0,0,0,0,0,0,0,0,45,0,0,0
OTU_453,0,0,0,36,0,0,0,0,0,0,0,0
OTU_454,0,0,0,0,0,0,0,29,0,0,0,0
OTU_455,0,0,0,0,0,0,0,0,24,0,0,0
OTU_456,0,0,0,0,0,0,0,25,0,0,0,0
OTU_457,1,3,18,1,3,1,0,30,0,0,0,0
OTU_458,0,0,0,0,0,0,6,47,0,0,0,0
OTU_459,3,0,0,0,0,0,0,0,21,0,0,0
OTU_460,0,0,0,0,0,0,0,33,0,0,0,0
OTU_461,0,0,0,0,0,0,0,22,0,0,0,0
OTU_462,0,0,0,0,0,0,0,27,12,0,0,0
OTU_463,0,0,7,6,3,1,0,18,0,0,0,0
OTU_464,0,0,0,0,0,0,6,20,0,0,0,0
OTU_465,0,0,0,0,0,0,0,23,0,0,0,0
OTU_466,0,0,0,0,0,0,10,0,19,0,0,0
OTU_467,0,0,0,0,0,0,0,0,29,0,0,0
OTU_468,0,0,0,0,0,0,0,0,26,0,0,0
OTU_469,0,0,0,0,0,1,0,24,0,1,0,0
OTU_470,7,0,2,7,4,16,0,0,0,0,0,0
OTU_471,0,0,0,0,0,0,0,51,0,0,0,0
OTU_472,0,0,0,0,0,0,3,18,0,0,0,0
OTU_473,0,0,0,0,0,0,0,0,31,0,0,0
OTU_474,0,0,0,0,0,1,10,3,36,0,0,0
OTU_475,0,0,0,0,0,0,0,0,18,0,0,0
OTU_476,8,45,0,0,1,0,0,0,0,0,0,0
OTU_477,0,0,0,0,0,0,0,29,0,0,0,0
OTU_478,0,0,0,0,0,0,0,30,0,0,0,0
OTU_479,0,0,0,0,0,0,0,36,0,0,0,0
OTU_480,0,0,0,0,0,0,0,36,0,0,0,0
OTU_481,8,14,4,0,0,0,0,0,0,0,0,0
OTU_482,0,0,0,0,0,0,0,0,26,0,0,0
OTU_483,0,0,0,0,0,0,0,24,0,0,0,0
OTU_484,0,0,0,20,16,22,0,0,0,0,0,0
OTU_485,6,19,0,0,0,1,0,0,1,0,0,0
OTU_486,0,0,0,0,0,0,0,25,0,0,0,0
OTU_487,0,0,0,0,0,0,0,29,0,0,0,0
OTU_488,0,0,0,0,0,0,0,0,25,0,0,0
OTU_489,5,10,5,2,1,2,0,0,14,0,0,0
OTU_490,0,0,0,50,24,0,0,0,0,0,0,0
OTU_491,6,3,19,1,0,0,1,0,45,0,1,0
OTU_492,0,0,0,0,0,0,0,25,0,0,0,0
OTU_493,0,0,0,0,0,0,10,0,16,0,0,0
OTU_494,0,0,0,2,0,3,1,44,6,0,0,0
OTU_495,0,0,0,0,0,0,0,23,0,0,0,0
OTU_496,0,0,0,0,0,0,0,20,0,0,0,0
OTU_497,0,0,0,0,0,0,0,25,0,0,0,0
OTU_498,0,4,0,0,0,0,6,0,20,0,0,0
OTU_499,0,0,0,0,0,0,0,38,0,0,0,0
OTU_500,0,0,0,0,0,0,0,26,0,0,0,0
OTU_501,0,0,0,0,0,0,0,0,24,0,0,0
OTU_502,0,0,0,0,0,0,0,0,28,0,0,0
OTU_503,0,0,0,4,3,0,0,23,0,0,0,0
OTU_504,0,0,0,0,0,0,0,30,0,0,0,0
OTU_505,0,0,0,0,0,0,0,21,0,0,0,0
OTU_506,0,0,0,0,0,0,5,0,17,0,0,0
OTU_507,0,0,0,0,0,0,0,24,0,0,0,0
OTU_508,0,0,0,0,0,0,0,23,0,0,0,0
OTU_509,13,11,1,24,9,25,0,0,0,0,0,0
OTU_510,0,0,0,0,0,0,5,15,0,0,0,0
OTU_511,0,0,0,0,0,0,0,0,19,0,0,0
OTU_512,0,0,0,0,0,0,0,20,0,0,0,0
OTU_513,1,0,2,19,12,0,0,0,0,0,0,0
OTU_514,0,0,0,0,0,0,0,0,19,0,0,0
OTU_515,0,0,0,0,0,0,0,0,27,0,0,0
OTU_516,4,10,8,1,0,9,0,0,12,0,0,0
OTU_517,34,10,19,2,3,4,0,0,0,0,0,0
OTU_518,0,1,0,0,0,0,16,0,0,0,0,0
OTU_519,0,0,0,0,0,0,0,24,16,0,0,0
OTU_520,11,7,0,0,0,0,0,0,0,0,0,0
OTU_521,0,0,0,0,0,0,0,20,0,0,0,0
OTU_522,0,0,0,0,0,0,21,0,0,0,0,0
OTU_523,0,0,0,0,0,0,0,0,22,0,0,0
OTU_524,1,0,0,0,0,0,0,27,0,0,0,0
OTU_525,0,0,0,0,0,0,38,0,0,0,0,0
OTU_526,0,0,0,0,0,0,0,30,0,0,0,0
OTU_527,3,0,0,0,0,0,0,48,9,0,0,0
OTU_528,0,32,0,0,0,0,0,0,0,0,0,0
OTU_529,0,0,0,0,0,0,0,17,0,0,0,0
OTU_530,0,0,0,0,0,0,0,19,0,0,0,0
OTU_531,0,7,0,0,0,0,0,25,0,0,0,0
OTU_532,2,10,15,0,0,1,6,0,5,1,0,0
OTU_533,0,0,0,0,0,0,0,205,0,0,0,0
OTU_534,0,0,0,0,0,0,0,31,0,0,0,0
OTU_535,0,0,0,0,0,0,20,0,0,0,0,0
OTU_536,0,0,4,1,0,0,4,10,16,0,0,0
OTU_537,5,19,4,0,0,0,0,14,0,0,0,0
OTU_538,6,22,0,0,0,0,0,0,0,0,0,0
OTU_539,1,18,0,0,0,0,0,0,0,0,0,0
OTU_540,7,4,4,0,0,4,4,8,35,0,0,0
OTU_541,0,0,4,5,0,0,11,0,0,0,0,0
OTU_542,0,0,0,0,0,0,15,0,0,0,0,0
OTU_543,0,0,0,0,0,0,10,17,0,0,0,0
OTU_544,1,0,0,0,0,0,2,31,0,0,0,0
OTU_545,4,17,0,0,0,0,0,0,0,0,0,0
OTU_546,0,0,23,0,0,0,0,12,0,0,0,0
OTU_547,0,0,5,0,0,0,0,0,16,0,0,0
OTU_548,0,0,0,0,0,0,0,0,27,0,0,0
OTU_549,0,0,0,0,0,0,3,22,0,0,0,0
OTU_550,9,4,1,2,0,0,1,0,15,0,0,0
OTU_551,5,0,0,0,0,0,0,18,0,0,0,0
OTU_552,0,0,0,0,0,0,0,0,17,0,0,0
OTU_553,2,15,1,0,0,1,9,0,34,0,0,2
OTU_554,0,0,0,0,0,0,0,0,31,0,0,0
OTU_555,0,0,0,0,0,0,26,0,0,0,0,0
OTU_556,0,0,0,0,0,0,0,0,16,0,0,0
OTU_557,0,0,0,53,39,0,0,0,0,0,0,0
OTU_558,0,0,0,0,0,0,0,0,17,0,0,0
OTU_559,0,0,0,2,0,0,0,1,20,0,0,0
OTU_560,0,0,0,1,0,0,0,18,0,0,0,0
OTU_561,1,23,0,0,0,0,0,0,0,0,0,0
OTU_562,0,0,0,0,0,0,16,0,0,0,0,0
OTU_563,1,13,0,0,0,0,0,0,0,0,0,0
OTU_564,11,9,3,0,0,0,1,0,0,0,0,0
OTU_565,0,0,0,1,7,10,0,0,0,0,0,0
OTU_566,2,3,0,1,0,1,5,80,15,0,0,0
OTU_567,15,9,29,6,2,7,2,198,27,0,1,0
OTU_568,0,0,0,0,0,0,0,0,19,0,0,0
OTU_569,0,5,0,0,0,0,1,0,20,0,0,0
OTU_570,0,13,19,0,0,3,0,0,0,0,0,0
OTU_571,0,0,0,0,0,0,0,16,0,0,0,0
OTU_572,0,0,0,0,2,1,18,0,0,0,0,0
OTU_573,0,0,0,0,0,0,0,14,0,0,0,0
OTU_574,0,13,0,1,1,0,0,0,0,0,0,0
OTU_575,4,13,26,0,0,0,2,0,0,0,0,0
OTU_576,0,5,19,0,4,1,0,0,0,0,0,0
OTU_577,0,0,0,2,0,0,3,0,17,0,0,0
OTU_578,4,5,4,0,0,0,0,0,0,0,0,0
OTU_579,1,0,0,10,9,4,0,0,0,0,0,0
OTU_580,0,0,0,0,0,0,3,17,0,0,0,0
OTU_581,14,8,5,4,5,1,7,106,0,0,3,0
OTU_582,0,0,0,0,1,0,0,16,0,0,0,0
OTU_583,0,0,4,1,1,0,0,12,0,0,0,0
OTU_584,0,0,0,0,0,0,0,19,0,0,0,0
OTU_585,10,7,2,0,0,0,0,0,0,0,0,0
OTU_586,0,0,0,0,0,0,0,18,0,0,0,0
OTU_587,1,0,0,0,0,0,0,15,0,0,0,0
OTU_588,2,4,4,3,1,7,0,0,0,0,0,0
OTU_589,0,0,0,0,0,0,22,0,23,0,0,0
OTU_590,0,0,0,0,0,0,25,0,0,0,0,0
OTU_591,1,13,14,0,0,2,1,40,55,0,0,2
OTU_592,0,0,0,0,0,0,0,0,14,0,0,0
OTU_593,0,0,0,0,0,0,0,14,0,0,0,0
OTU_594,47,49,138,6,13,20,30,1,3,57,35,28
OTU_595,0,2,0,10,4,6,0,0,0,0,0,0
OTU_596,2,23,17,0,2,0,1,0,24,0,2,0
OTU_597,1,1,0,0,0,0,0,0,13,0,0,0
OTU_598,0,0,0,0,0,0,0,0,34,0,0,0
OTU_599,0,0,0,0,0,0,0,0,12,0,0,0
OTU_600,0,0,0,0,0,0,11,0,0,0,0,0
OTU_601,3,9,5,2,0,2,0,0,0,0,0,0
OTU_602,4,7,0,0,1,0,55,0,0,0,0,0
OTU_603,0,0,0,0,0,0,0,25,0,0,0,0
OTU_604,0,0,0,1,3,7,2,0,0,0,0,0
OTU_605,5,0,0,73,35,0,0,0,0,0,0,0
OTU_606,0,0,3,5,5,8,0,0,0,0,0,0
OTU_607,0,9,11,12,5,5,0,0,0,0,0,0
OTU_608,0,0,0,0,0,0,30,0,0,0,0,0
OTU_609,0,0,0,0,0,2,0,0,17,0,0,1
OTU_610,4,19,12,0,1,0,0,0,0,0,0,0
OTU_611,5,9,6,0,0,0,0,0,0,0,0,0
OTU_612,0,0,0,0,0,0,0,0,13,0,0,0
OTU_613,0,0,0,0,0,0,0,0,16,0,0,0
OTU_614,0,0,0,0,0,0,0,0,40,0,0,0
OTU_615,56,97,76,0,0,0,8,37,15,13,8,14
OTU_616,0,0,0,0,0,0,0,12,0,0,0,0
OTU_617,7,0,0,0,0,0,0,9,10,0,0,0
OTU_618,0,0,0,0,0,0,0,0,15,0,0,0
OTU_619,0,0,0,0,0,0,0,1,15,0,0,0
OTU_620,2,7,1,0,0,0,0,0,0,0,0,0
OTU_621,4,2,0,68,28,0,0,0,0,0,0,0
OTU_622,0,0,0,0,0,0,0,14,0,0,0,0
OTU_623,0,0,0,0,0,0,0,12,0,0,0,0
OTU_624,0,0,0,0,0,0,0,16,0,0,0,0
OTU_625,0,23,0,0,0,0,0,0,0,0,0,0
OTU_626,0,0,1,1,1,0,9,17,0,0,0,0
OTU_627,0,0,0,22,14,0,0,0,0,0,0,0
OTU_628,14,23,10,0,0,0,0,0,0,0,0,0
OTU_629,0,0,0,1,5,9,0,0,0,0,0,0
OTU_630,2,0,0,0,0,0,0,0,23,0,0,0
OTU_631,0,0,0,0,0,0,0,20,0,0,0,0
OTU_632,0,0,0,0,0,0,0,14,0,0,0,0
OTU_633,0,0,0,0,0,0,12,0,0,0,0,0
OTU_634,0,0,0,0,0,0,0,20,0,0,0,0
OTU_635,1,0,2,0,0,0,5,12,0,0,0,0
OTU_636,0,0,0,0,0,0,0,16,0,0,0,0
OTU_637,0,0,0,0,0,0,0,15,0,0,0,0
OTU_638,8,4,7,1,2,0,0,0,0,0,0,0
OTU_639,0,0,0,0,0,0,21,0,0,0,0,0
OTU_640,6,6,0,7,3,3,4,0,0,0,0,0
OTU_641,0,0,10,2,3,0,0,0,0,0,0,0
OTU_642,0,0,0,0,0,0,12,0,0,0,0,0
OTU_643,0,0,0,3,9,1,0,0,0,0,0,0
OTU_644,0,6,12,0,0,0,0,0,0,0,0,0
OTU_645,3,10,3,1,0,0,0,0,0,0,0,0
OTU_646,0,13,0,0,0,0,0,0,0,0,0,0
OTU_647,0,0,0,0,0,0,14,0,0,0,0,0
OTU_648,0,0,0,0,0,0,0,12,0,0,0,0
OTU_649,0,0,0,0,0,0,0,12,0,0,0,0
OTU_650,10,0,6,0,0,0,0,0,0,0,0,0
OTU_651,9,0,0,1,0,5,12,0,0,0,0,0
OTU_652,5,1,5,0,0,0,0,0,0,0,0,0
OTU_653,0,0,0,0,0,0,0,10,0,0,0,0
OTU_654,5,0,0,0,0,0,0,0,9,0,0,0
OTU_655,0,9,0,0,0,0,0,0,0,0,0,0
OTU_656,0,0,0,0,0,0,20,0,0,0,0,0
OTU_657,3,0,0,0,0,0,0,0,18,0,0,0
OTU_658,5,0,4,0,0,1,0,0,0,0,0,0
OTU_659,0,0,0,0,0,0,15,0,0,0,0,0
OTU_660,5,3,4,5,1,0,0,0,0,0,0,0
OTU_661,0,0,0,0,0,0,0,0,22,0,0,0
OTU_662,0,0,0,7,3,0,0,13,0,0,0,0
OTU_663,1,0,0,0,0,1,12,0,0,0,0,0
OTU_664,4,0,10,0,0,0,0,0,0,0,0,0
OTU_665,0,20,0,0,0,0,0,0,0,0,0,0
OTU_666,0,0,9,1,0,0,0,0,0,0,0,0
OTU_667,0,0,0,19,8,0,0,0,0,0,0,0
OTU_668,0,16,0,0,0,0,0,0,0,0,0,0
OTU_669,0,0,0,0,0,0,0,13,0,0,0,0
OTU_670,0,7,7,1,3,3,0,0,0,0,0,0
OTU_671,0,1,0,0,0,0,0,0,8,0,0,0
OTU_672,0,0,0,0,0,0,0,0,16,0,0,0
OTU_673,9,0,0,0,0,0,0,0,0,0,0,0
OTU_674,0,13,0,0,0,0,0,0,0,0,0,0
OTU_675,0,0,0,0,0,0,11,0,0,0,0,0
OTU_676,3,0,0,2,0,7,0,0,0,0,0,0
OTU_677,0,0,0,0,0,0,26,0,0,0,0,0
OTU_678,0,0,0,3,1,0,0,9,0,0,0,0
OTU_679,1,0,11,0,0,1,0,0,0,0,1,0
OTU_680,0,0,0,0,0,0,21,0,0,0,0,0
OTU_681,0,10,0,0,0,0,0,0,0,0,0,0
OTU_682,0,0,0,0,0,0,0,10,0,0,0,0
OTU_683,3,2,2,0,4,3,0,0,0,0,0,0
OTU_684,0,0,0,0,0,0,0,9,0,0,0,0
OTU_685,0,0,19,0,0,0,0,0,13,0,0,0
OTU_686,0,0,2,0,4,1,0,0,0,0,0,0
OTU_687,5,0,0,0,0,0,5,0,0,0,0,0
OTU_688,0,8,3,0,1,0,0,0,0,0,0,0
OTU_689,0,0,0,0,0,0,0,13,0,0,0,0
OTU_690,0,0,11,0,0,0,0,0,0,0,0,0
OTU_691,0,0,0,0,0,0,0,0,10,0,0,0
OTU_692,1,3,8,3,2,0,0,0,0,0,0,0
OTU_693,2,5,0,0,0,0,0,0,0,0,0,0
OTU_694,8,0,13,1,1,2,3,9,0,0,0,0
OTU_695,0,0,0,0,0,0,8,0,0,0,0,0
OTU_696,0,0,0,0,0,0,8,0,0,0,0,0
OTU_697,0,8,35,0,0,0,3,0,0,0,0,3
OTU_698,0,0,1,0,0,0,0,12,0,0,0,0
OTU_699,0,0,0,0,0,0,11,0,0,0,0,0
OTU_700,3,6,0,0,0,0,0,0,0,0,0,0
OTU_701,0,0,0,0,0,0,0,9,0,0,0,0
OTU_702,0,0,0,0,0,0,2,0,11,0,0,0
OTU_703,0,0,0,0,0,0,0,11,0,0,0,0
OTU_704,16,10,13,0,0,0,0,0,0,0,0,0
OTU_705,3,0,0,0,0,0,0,8,0,0,0,0
OTU_706,0,0,0,0,0,0,11,0,0,0,0,0
OTU_707,0,0,0,0,0,0,0,9,0,0,0,0
OTU_708,1,4,0,3,0,1,0,0,0,0,0,0
OTU_709,0,0,0,1,3,2,12,0,0,0,0,0
OTU_710,0,0,0,0,0,0,0,0,13,0,0,0
OTU_711,0,0,0,0,0,4,5,0,0,0,0,0
OTU_712,0,0,0,0,0,0,7,0,0,0,0,0
OTU_713,0,0,0,0,0,0,10,0,0,0,0,0
OTU_714,0,0,0,0,0,0,0,8,0,0,0,0
OTU_715,0,26,0,0,0,0,0,0,0,0,0,0
OTU_716,0,0,0,0,0,0,7,0,0,0,0,0
OTU_717,0,0,0,0,0,0,11,15,0,0,0,0
OTU_718,0,0,0,0,0,0,0,0,10,0,0,0
OTU_719,2,0,1,2,6,4,0,0,0,0,0,0
OTU_720,2,0,8,0,1,2,0,0,0,0,0,0
OTU_721,0,8,0,0,0,0,0,0,0,0,0,0
OTU_722,0,14,0,0,0,0,0,0,0,0,0,0
OTU_723,0,0,0,0,0,0,6,0,0,0,0,0
OTU_724,0,0,0,14,4,0,0,0,0,0,0,0
OTU_725,0,0,0,0,0,0,10,0,0,0,0,0
OTU_726,0,2,6,0,0,0,0,0,0,0,2,0
OTU_727,0,0,0,0,0,0,8,0,0,0,0,0
OTU_728,0,0,0,0,0,0,6,0,0,0,0,0
OTU_729,4,9,0,0,0,0,0,0,0,0,0,0
OTU_730,0,0,0,3,4,4,0,0,0,0,0,0
OTU_731,0,7,0,0,0,0,0,0,0,0,0,0
OTU_732,0,0,0,2,3,0,0,0,8,0,0,0
OTU_733,0,0,0,0,0,0,0,0,9,0,0,0
OTU_734,0,0,0,0,0,0,12,0,0,0,0,0
OTU_735,23,34,28,2,2,3,3,0,0,5,2,1
OTU_736,0,0,0,0,1,0,8,0,0,0,0,1
OTU_737,0,0,0,0,0,0,8,0,0,0,0,0
OTU_738,0,0,0,0,0,0,0,0,11,0,0,0
OTU_739,4,5,4,3,1,8,0,0,0,0,0,0
OTU_740,0,12,0,0,0,0,0,0,0,0,0,0
OTU_741,0,0,0,0,0,0,7,0,2,0,0,0
OTU_742,0,0,0,0,0,0,17,3,0,0,0,0
OTU_743,0,0,0,0,0,0,11,0,0,0,0,0
OTU_744,0,0,0,0,0,0,8,0,0,0,0,0
OTU_745,0,0,5,1,0,1,0,0,0,0,0,0
OTU_746,2,3,1,0,0,0,0,0,0,0,0,0
OTU_747,2,7,1,0,0,0,0,0,0,0,0,0
OTU_748,0,0,7,0,0,0,0,0,0,0,0,0
OTU_749,2,6,0,0,0,0,0,0,0,0,0,0
OTU_750,0,11,0,0,0,0,0,0,0,0,0,0
OTU_751,0,0,0,0,0,0,6,0,0,0,0,0
OTU_752,0,10,0,0,0,0,0,0,0,0,0,0
OTU_753,0,12,0,0,0,0,0,0,0,0,0,0
OTU_754,10,4,3,0,0,0,0,0,0,0,0,0
OTU_755,0,0,0,6,10,9,0,0,0,0,0,0
OTU_756,0,0,0,0,0,0,9,0,0,0,0,0
OTU_757,4,6,0,0,0,0,0,0,0,0,0,0
OTU_758,0,0,0,0,0,0,14,0,0,0,0,0
OTU_759,1,12,0,0,2,2,1,0,0,0,0,0
OTU_760,0,0,0,0,0,0,0,8,0,0,0,0
OTU_761,2,0,5,0,0,0,0,0,0,0,0,0
OTU_762,0,1,0,0,0,0,4,0,0,0,0,0
OTU_763,6,2,0,0,0,0,0,0,0,0,0,0
OTU_764,0,0,0,0,0,0,0,0,8,0,0,0
OTU_765,2,4,0,2,3,1,0,0,0,0,0,0
OTU_766,1,0,0,0,0,0,0,0,9,0,0,0
OTU_767,0,0,0,0,0,0,9,0,0,0,0,0
OTU_768,0,0,0,2,4,7,0,0,0,0,0,0
OTU_769,0,11,0,0,0,0,0,0,0,0,0,0
OTU_770,0,0,0,0,0,0,17,0,0,0,0,0
OTU_771,0,6,0,0,0,0,0,0,0,0,0,0
OTU_772,0,0,0,0,0,0,16,0,0,0,0,0
OTU_773,0,4,3,0,0,0,0,0,0,0,0,0
OTU_774,0,0,0,0,0,0,6,0,0,0,0,0
OTU_775,0,0,0,0,0,0,11,0,0,0,0,0
OTU_776,5,7,0,0,0,0,7,0,0,0,0,0
OTU_777,0,0,0,0,0,0,5,0,0,0,0,0
OTU_778,0,0,0,0,0,0,0,11,0,0,0,0
OTU_779,0,0,0,0,0,0,14,7,0,0,0,0
OTU_780,0,0,6,1,0,0,0,0,0,0,0,0
OTU_781,0,0,0,0,0,0,0,10,0,0,0,0
OTU_782,9,0,3,1,0,0,0,0,0,0,0,0
OTU_783,0,0,8,0,0,0,0,0,0,0,0,0
OTU_784,3,1,5,1,7,0,7,0,0,0,0,0
OTU_785,0,0,0,0,0,0,6,0,0,0,0,0
OTU_786,3,2,0,0,0,0,0,0,0,0,0,0
OTU_787,0,7,0,0,0,0,0,0,0,0,0,0
OTU_788,0,0,0,0,0,0,0,7,0,0,0,0
OTU_789,0,0,0,0,0,0,0,7,0,0,0,0
OTU_790,0,0,0,0,0,0,12,0,0,0,0,0
OTU_791,6,0,0,0,0,0,0,0,0,0,0,0
OTU_792,0,0,0,1,6,6,0,0,0,0,0,0
OTU_793,0,0,6,2,0,3,0,0,0,0,0,0
OTU_794,0,0,0,0,0,0,0,7,0,0,0,0
OTU_795,0,0,0,0,0,0,0,6,0,0,0,0
OTU_796,0,0,0,8,1,2,0,0,0,0,0,0
OTU_797,0,0,7,0,0,0,7,0,0,0,0,0
OTU_798,0,8,0,0,0,0,0,0,0,0,0,0
OTU_799,0,0,0,0,0,6,0,0,0,0,0,0
OTU_800,3,0,0,0,0,0,0,6,0,0,0,0
OTU_801,0,0,0,0,1,3,4,0,0,0,0,0
OTU_802,0,7,0,0,0,0,0,0,0,0,0,0
OTU_803,0,3,0,1,0,0,5,0,0,0,0,0
OTU_804,0,0,0,0,0,0,10,0,0,0,0,0
OTU_805,0,0,8,0,0,0,0,0,0,0,0,0
OTU_806,9,0,0,0,0,0,0,0,0,0,0,0
OTU_807,5,2,0,0,0,0,7,0,0,0,0,0
OTU_808,4,12,0,0,0,1,0,0,0,0,0,0
OTU_809,2,1,0,0,0,0,7,0,20,0,0,0
OTU_810,0,0,0,0,0,0,6,0,0,0,0,0
OTU_811,4,0,1,4,1,1,0,0,0,0,0,0
OTU_812,3,0,0,3,3,2,0,0,0,0,0,0
OTU_813,0,0,0,0,0,0,13,0,0,0,0,0
OTU_814,2,0,0,1,0,4,0,0,0,0,0,0
OTU_815,0,0,1,5,8,5,0,0,0,0,0,0
OTU_816,0,0,0,0,0,0,6,0,0,0,0,0
OTU_817,0,0,4,0,0,0,0,0,0,0,0,0
OTU_818,0,0,1,0,0,0,0,6,0,0,0,0
OTU_819,0,0,3,6,1,0,0,0,0,0,0,0
OTU_820,0,4,0,0,0,0,0,0,0,0,0,0
OTU_821,0,0,0,0,3,5,0,0,0,0,0,0
OTU_822,0,0,0,0,1,4,0,0,0,0,0,0
OTU_823,1,0,0,0,0,0,0,7,0,0,0,0
OTU_824,0,0,5,0,0,1,0,0,0,0,0,0
OTU_825,0,3,5,0,0,0,0,0,0,0,0,0
OTU_826,3,0,0,11,4,8,0,0,0,0,0,0
OTU_827,0,0,0,0,0,0,0,6,0,0,0,0
OTU_828,1,1,1,8,5,4,0,0,9,0,0,0
OTU_829,0,0,0,0,0,0,4,2,0,0,0,0
OTU_830,1,14,0,0,0,0,0,0,0,0,0,0
OTU_831,0,5,0,0,0,0,9,1,0,0,0,0
OTU_832,1,6,0,0,0,0,4,3,0,0,0,0
OTU_833,0,0,4,0,0,0,0,0,0,0,0,0
OTU_834,18,38,17,0,1,2,22,233,172,2,0,5
OTU_835,0,0,0,5,6,0,0,0,0,0,0,0
OTU_836,0,6,0,0,0,0,0,0,0,0,0,0
OTU_837,0,2,0,1,1,0,5,0,0,0,0,0
OTU_838,0,8,0,0,0,0,0,0,0,0,0,0
OTU_839,0,0,0,0,0,0,4,0,0,0,0,0
OTU_840,0,0,0,0,0,0,14,0,0,0,0,0
OTU_841,0,1,3,0,0,0,0,0,0,0,0,0
OTU_842,0,0,0,2,3,5,0,0,0,0,0,0
OTU_843,0,2,0,0,0,0,5,0,0,0,0,0
OTU_844,0,0,0,0,0,0,6,0,0,0,0,0
OTU_845,2,0,0,6,5,0,0,0,0,0,0,0
OTU_846,0,0,0,0,0,2,7,0,0,0,0,0
OTU_847,0,0,0,0,0,0,6,0,0,0,0,0
OTU_848,3,4,3,2,0,0,1,0,0,0,0,0
OTU_849,0,0,0,0,1,0,2,0,3,0,0,0
OTU_850,0,1,1,0,0,0,2,0,13,0,0,0
OTU_851,0,0,0,0,0,0,12,0,0,0,0,0
OTU_852,0,8,0,0,0,0,0,0,0,0,0,0
OTU_853,0,0,0,4,5,5,0,0,0,0,0,0
OTU_854,0,0,0,0,0,0,8,0,0,0,0,0
OTU_855,0,5,0,0,0,0,0,0,0,0,0,0
OTU_856,0,5,0,0,0,0,0,0,0,0,0,0
OTU_857,5,0,0,3,0,7,0,0,0,0,0,0
OTU_858,0,8,5,0,0,0,0,0,0,0,0,0
OTU_859,3,13,7,2,3,0,0,51,54,0,0,0
OTU_860,4,0,0,0,0,0,0,0,0,0,0,0
OTU_861,0,0,0,1,1,2,0,0,0,0,0,0
OTU_862,0,0,8,0,0,0,0,0,0,0,0,0
OTU_863,0,0,0,0,0,0,14,0,0,0,0,0
OTU_864,0,6,0,0,0,1,0,0,0,0,0,0
OTU_865,0,0,6,0,0,0,0,0,0,0,2,2
OTU_866,0,0,0,0,0,0,6,0,0,0,0,0
OTU_867,0,0,0,0,0,0,4,0,0,0,0,0
OTU_868,0,0,0,0,0,0,12,0,0,0,0,0
OTU_869,0,0,0,2,3,5,0,0,0,0,0,0
OTU_871,0,0,0,1,0,0,5,0,0,0,0,0
OTU_872,0,0,0,4,3,0,0,0,0,0,0,0
OTU_873,0,0,0,0,0,0,6,0,0,0,0,0
OTU_874,0,0,0,3,1,6,0,0,0,0,0,0
OTU_875,0,0,0,12,7,0,0,0,0,0,0,0
OTU_876,16,12,9,0,2,2,1,0,43,0,0,0
OTU_877,0,0,0,0,0,0,0,8,0,0,0,0
OTU_878,0,6,0,0,0,0,0,0,0,0,0,0
OTU_879,0,0,0,0,0,0,6,0,0,0,0,0
OTU_880,0,3,0,0,1,2,0,0,0,0,0,0
OTU_881,2,0,3,0,0,0,0,0,0,0,0,0
OTU_882,0,0,0,0,0,0,6,0,0,0,0,0
OTU_883,0,9,0,0,0,0,0,0,0,0,0,0
OTU_884,0,6,0,0,0,0,0,0,0,0,0,0
OTU_885,0,0,0,1,0,4,0,0,0,2,0,0
OTU_886,0,4,0,0,0,0,0,0,0,0,0,0
OTU_887,2,4,4,0,1,3,0,0,0,0,0,0
OTU_888,0,0,0,0,0,0,12,0,0,0,0,0
OTU_889,9,0,0,3,0,1,0,0,0,0,0,0
OTU_890,0,0,0,0,0,0,0,0,10,0,0,0
OTU_891,2,9,0,1,0,1,0,3,0,0,0,0
OTU_892,4,0,5,0,0,0,0,0,0,0,0,0
OTU_893,0,0,4,0,0,0,0,0,0,0,0,0
OTU_894,0,1,0,11,19,9,0,0,0,20,31,10
OTU_895,0,0,0,0,0,0,5,0,0,0,0,0
OTU_896,0,0,0,0,0,0,6,0,0,0,0,0
OTU_897,0,0,0,0,0,0,5,0,0,0,0,0
OTU_898,0,6,0,0,0,0,0,0,0,0,0,0
OTU_899,0,0,0,0,0,0,10,0,0,0,0,0
OTU_900,0,0,0,0,0,0,0,6,0,0,0,0
OTU_901,0,0,0,0,0,0,4,0,0,0,0,0
OTU_902,4,3,4,9,7,9,0,0,0,0,0,0
OTU_903,0,0,0,0,0,0,6,0,0,0,0,0
OTU_904,0,0,0,0,0,0,4,0,0,0,0,0
OTU_905,1,0,0,14,1,0,0,0,0,0,0,0
OTU_906,2,2,0,0,0,0,0,0,0,0,0,0
OTU_907,0,0,0,0,0,0,6,0,0,0,0,0
OTU_908,0,0,0,0,0,0,0,4,0,0,0,0
OTU_909,0,0,8,0,0,0,0,0,0,0,0,0
OTU_910,0,0,0,0,0,0,5,0,0,0,0,0
OTU_911,6,0,0,4,8,10,4,29,0,0,0,0
OTU_912,0,0,0,0,0,0,4,0,0,0,0,0
OTU_913,0,0,0,3,1,4,0,0,0,0,0,0
OTU_914,0,0,3,0,0,0,0,0,0,0,0,0
OTU_915,0,0,0,0,0,0,10,0,0,0,0,0
OTU_916,0,0,0,0,0,0,4,0,0,0,0,0
OTU_917,0,0,2,0,4,0,0,0,0,0,0,0
OTU_918,0,3,0,0,0,0,0,0,0,0,0,0
OTU_919,0,0,7,0,0,0,0,0,0,0,0,0
OTU_920,0,4,0,0,0,0,0,0,0,0,0,0
OTU_921,0,3,0,0,0,0,0,0,0,0,0,0
OTU_922,2,2,1,1,1,3,0,0,25,0,1,0
OTU_923,0,0,0,0,0,6,0,0,0,0,0,0
OTU_924,0,4,0,0,0,0,0,0,0,0,0,0
OTU_925,4,0,0,0,0,0,0,0,0,0,0,0
OTU_926,0,0,3,0,0,0,0,0,0,0,0,0
OTU_927,4,2,0,0,0,0,0,0,0,0,0,0
OTU_928,5,9,7,1,4,3,4,71,43,0,0,0
OTU_929,0,0,0,5,1,1,7,0,1,0,0,0
OTU_930,0,0,0,0,0,0,4,0,0,0,0,0
OTU_931,0,0,0,3,0,1,0,0,0,0,0,0
OTU_932,0,2,3,0,0,0,0,0,0,0,0,0
OTU_933,0,0,0,0,3,1,0,0,0,0,0,0
OTU_934,0,6,0,0,0,0,0,0,0,0,0,0
OTU_935,0,0,0,9,6,0,0,0,0,0,0,0
OTU_936,2,0,3,0,0,0,0,0,0,0,0,0
OTU_937,0,0,0,0,0,0,5,0,0,0,0,0
OTU_938,3,0,0,2,1,0,0,0,0,0,0,0
OTU_939,0,0,0,0,0,0,6,0,0,0,0,0
OTU_940,0,0,0,6,3,0,0,0,0,0,0,0
OTU_941,0,0,0,3,10,2,12,41,53,0,0,0
OTU_942,0,0,0,0,0,0,3,0,0,0,0,0
OTU_943,0,0,0,6,7,0,0,0,0,0,0,0
OTU_944,0,0,1,0,0,0,0,5,0,0,0,0
OTU_945,2,0,0,0,0,0,0,0,15,0,0,0
OTU_946,0,1,4,0,0,0,0,0,0,0,0,0
OTU_947,4,0,1,0,0,0,0,0,0,0,0,0
OTU_948,4,4,6,0,0,0,0,0,0,1,0,0
OTU_949,1,14,0,3,0,1,0,0,0,0,0,0
OTU_950,0,3,0,0,0,0,0,0,0,0,0,0
OTU_951,0,0,0,0,0,0,0,5,0,0,0,0
OTU_952,0,0,0,7,4,0,0,0,0,0,0,0
OTU_953,0,0,0,0,0,0,3,0,0,0,0,0
OTU_954,0,0,0,0,0,0,8,0,0,0,0,0
OTU_955,3,0,0,0,0,0,0,0,0,0,0,0
OTU_956,0,0,0,0,0,0,2,17,0,0,0,0
OTU_957,0,0,5,0,0,0,0,0,0,0,0,0
OTU_958,0,0,0,2,0,3,0,0,0,0,0,0
OTU_959,0,3,0,0,0,0,0,0,0,0,0,0
OTU_960,0,0,0,0,0,0,7,0,0,0,0,0
OTU_961,0,0,0,0,0,0,3,0,0,0,0,0
OTU_962,0,0,0,6,2,0,0,0,0,0,0,0
OTU_963,2,4,1,0,0,0,0,0,0,0,0,0
OTU_964,0,0,0,0,0,0,12,0,0,0,0,0
OTU_965,0,0,0,1,1,2,0,0,0,0,0,0
OTU_966,0,0,0,0,0,0,6,0,0,0,0,0
OTU_967,0,5,0,0,1,6,0,0,0,0,0,0
OTU_968,0,0,0,0,1,4,0,0,0,0,0,0
OTU_969,0,4,0,0,1,0,0,0,0,0,0,0
OTU_970,0,3,0,1,1,5,0,0,7,0,0,0
OTU_971,0,0,0,3,2,0,0,0,0,0,0,0
OTU_972,0,0,4,0,0,0,0,0,0,0,0,0
OTU_973,0,0,0,0,0,0,4,0,0,0,0,0
OTU_974,0,0,0,0,0,0,3,0,0,0,0,0
OTU_975,1,2,0,2,3,0,0,0,0,0,0,0
OTU_976,3,4,0,0,0,0,0,0,0,0,0,0
OTU_977,0,0,5,0,0,0,0,0,0,0,0,0
OTU_978,0,7,0,1,0,3,0,0,0,0,0,0
OTU_979,0,0,0,0,0,0,5,0,0,0,0,0
OTU_980,0,0,0,0,0,0,0,7,0,0,0,0
OTU_981,0,3,4,0,0,0,0,0,0,0,0,0
OTU_982,0,0,0,0,3,2,0,0,0,0,0,0
OTU_983,0,1,0,0,0,0,3,0,0,0,0,0
OTU_984,0,3,0,0,0,0,0,0,0,0,0,0
OTU_985,0,0,0,0,0,0,3,0,0,0,0,0
OTU_986,0,0,0,0,0,0,5,0,0,0,0,0
OTU_987,0,4,0,0,0,0,0,0,0,0,0,0
OTU_988,1,0,0,0,0,2,0,0,0,0,0,0
OTU_989,0,3,0,0,0,0,2,0,0,0,0,0
OTU_990,0,0,2,0,0,0,0,0,5,0,0,0
OTU_991,0,0,0,0,0,0,4,0,0,0,0,0
OTU_992,0,0,0,0,0,0,9,0,0,0,0,0
OTU_993,0,0,0,12,1,0,0,0,0,0,0,0
OTU_994,0,0,0,0,0,0,0,3,0,0,0,0
OTU_995,0,0,0,0,0,0,5,0,0,0,0,0
OTU_996,0,0,4,0,0,0,0,0,0,0,0,0
OTU_997,0,0,0,0,0,0,3,0,0,0,0,0
OTU_998,0,0,0,5,0,0,0,0,0,0,0,0
OTU_999,0,0,8,0,0,0,0,0,0,0,0,0
OTU_1000,0,4,0,0,0,0,0,0,0,0,0,0
OTU_1001,0,0,7,0,0,0,0,0,0,0,0,0
OTU_1002,0,0,0,0,0,0,0,5,0,0,0,0
OTU_1003,0,0,3,0,0,0,0,0,0,0,0,0
OTU_1004,0,0,0,0,3,0,0,0,0,0,0,0
OTU_1005,0,7,0,1,0,0,0,0,0,0,0,0
OTU_1006,0,1,2,0,0,0,0,0,0,0,0,0
OTU_1007,0,0,0,0,0,0,5,0,0,0,0,0
OTU_1008,3,0,0,2,0,0,0,0,0,0,0,0
OTU_1009,0,0,7,0,0,0,0,0,0,0,0,0
OTU_1010,0,0,0,0,0,0,0,0,10,0,0,0
OTU_1011,0,0,0,2,2,0,0,0,0,0,0,0
OTU_1012,0,0,0,3,3,0,0,0,0,0,0,0
OTU_1013,0,0,0,0,0,0,4,0,0,0,0,0
OTU_1014,0,0,1,16,34,4,0,0,0,0,0,0
OTU_1015,0,4,0,0,0,0,0,0,0,0,0,0
OTU_1016,0,0,0,0,0,0,7,0,0,0,0,0
OTU_1017,0,0,4,0,0,0,1,0,0,0,0,0
OTU_1018,1,6,0,1,0,0,7,0,0,0,0,0
OTU_1019,0,0,0,1,0,4,0,0,0,0,0,0
OTU_1020,0,0,0,0,0,0,5,0,0,0,0,0
OTU_1021,3,0,0,0,0,0,0,0,0,0,0,0
OTU_1022,0,0,0,3,0,3,0,0,0,0,0,0
OTU_1023,0,0,0,0,0,0,5,0,0,0,0,0
OTU_1024,0,0,0,0,2,0,0,0,0,0,0,0
OTU_1025,2,0,0,0,0,0,0,0,0,0,0,0
OTU_1026,0,0,0,0,0,2,0,0,0,0,0,0
OTU_1027,0,0,0,0,2,0,0,0,0,0,0,0
OTU_1028,0,0,0,1,3,0,0,0,0,0,3,0
OTU_1029,0,0,0,0,0,0,0,0,5,0,0,0
OTU_1030,0,0,3,0,0,0,0,0,0,0,0,0
OTU_1031,0,0,0,8,3,0,0,0,0,0,0,0
OTU_1032,0,0,0,3,1,0,0,0,0,0,0,0
OTU_1033,0,0,5,0,0,0,0,0,0,0,0,0
OTU_1034,0,0,0,8,8,0,0,0,0,0,0,0
OTU_1035,0,4,0,0,0,0,0,0,0,1,0,0
OTU_1036,0,0,0,0,3,0,0,0,0,0,0,0
OTU_1037,0,0,3,0,0,0,0,8,0,0,0,0
OTU_1038,0,0,0,2,0,0,0,0,0,0,0,0
OTU_1039,1,0,0,0,0,0,0,5,0,0,0,0
OTU_1040,0,2,0,0,0,0,0,0,0,0,0,0
OTU_1041,2,0,0,0,0,0,0,0,0,0,0,0
OTU_1042,0,0,0,0,2,0,0,0,0,0,0,0
OTU_1043,0,4,0,0,0,0,0,0,0,0,0,0
OTU_1044,0,0,0,0,2,0,0,0,0,0,0,0
OTU_1045,3,0,0,0,0,0,0,0,0,0,0,0
OTU_1046,0,0,2,0,0,0,0,0,0,0,0,0
OTU_1047,0,0,0,0,0,2,0,0,0,0,0,0
OTU_1048,0,0,0,0,0,2,0,0,0,0,0,0
OTU_1049,6,0,0,0,0,0,0,0,0,0,0,0
OTU_1050,2,0,0,0,0,0,0,0,0,0,0,0
OTU_1051,4,2,0,0,0,0,0,0,0,0,0,0
OTU_1052,0,0,0,0,0,3,3,0,0,0,0,0
OTU_1053,0,0,0,0,0,0,4,0,0,0,0,0
OTU_1054,0,4,0,0,0,0,0,0,0,0,0,0
OTU_1055,0,0,2,0,0,0,0,0,0,0,0,0
OTU_1056,2,0,1,0,0,0,0,0,0,0,0,0
OTU_1057,4,0,0,0,0,0,0,0,0,0,0,0
OTU_1058,0,0,3,0,0,0,0,0,0,0,0,0
OTU_1059,0,0,0,0,0,2,0,0,0,0,0,0
OTU_1060,0,3,3,0,0,0,0,0,0,0,0,0
OTU_1061,0,0,0,0,0,3,0,0,0,0,0,0
OTU_1062,0,0,0,0,2,1,3,0,0,0,0,0
OTU_1063,0,0,0,4,2,0,0,0,0,0,0,0
OTU_1064,0,0,0,0,0,2,0,0,0,0,0,0
OTU_1065,3,16,0,0,0,0,0,0,41,0,0,0
OTU_1066,0,9,0,0,0,0,0,0,0,0,0,0
OTU_1067,1,0,0,1,0,0,0,1,35,0,2,0
OTU_1068,0,0,0,0,0,0,6,0,0,0,0,0
OTU_1069,0,0,0,0,0,0,4,0,0,0,0,0
OTU_1070,0,0,0,0,3,0,0,0,0,0,0,0
OTU_1071,0,2,0,0,0,0,0,0,0,0,0,0
OTU_1072,0,0,0,0,0,0,5,0,0,0,0,0
OTU_1073,4,11,42,0,0,0,0,0,0,0,0,0
OTU_1074,0,0,3,0,0,0,0,0,0,0,0,0
OTU_1075,0,0,0,0,2,0,0,0,0,0,0,0
OTU_1076,0,0,0,3,0,0,0,0,0,0,0,0
OTU_1077,0,0,0,2,1,0,1,0,0,0,0,0
OTU_1078,0,0,5,0,0,0,2,0,0,0,0,0
OTU_1079,5,0,0,0,0,0,0,0,0,0,0,0
OTU_1080,0,4,2,0,0,0,0,0,0,0,0,0
OTU_1081,2,12,9,0,1,0,0,16,0,0,0,0
OTU_1082,0,2,0,0,1,0,0,0,0,0,0,0
OTU_1083,1,0,0,2,3,0,0,0,0,0,0,0
OTU_1084,0,3,0,9,2,3,0,0,0,0,0,0
OTU_1085,0,1,0,0,0,1,3,0,0,0,0,0
OTU_1086,0,0,0,0,1,1,0,0,0,0,0,0
OTU_1087,0,0,0,0,0,0,0,0,0,2,2,0
OTU_1088,0,0,0,0,2,0,0,0,0,0,0,0
OTU_1089,0,0,0,0,1,1,0,0,0,0,0,0
OTU_1090,0,0,0,0,1,2,0,0,0,0,0,0
OTU_1091,0,0,0,3,2,0,0,0,0,0,0,0
OTU_1092,7,0,0,0,0,1,0,0,0,0,0,1
OTU_1093,1,0,2,0,0,1,0,0,0,0,0,0
OTU_1094,4,4,0,0,0,0,0,0,0,0,0,0
OTU_1095,37,7,31,0,2,0,5,0,33,0,0,0
OTU_1096,0,2,0,0,0,0,0,0,0,0,0,0
OTU_1097,0,4,0,0,0,0,0,0,0,0,0,0
OTU_1098,0,3,0,0,0,2,0,0,0,0,0,0
OTU_1099,0,0,0,3,0,0,0,0,0,0,0,0
OTU_1100,0,0,0,5,1,0,0,0,0,0,0,0
OTU_1101,0,3,0,0,0,0,0,0,0,0,0,0
OTU_1102,0,0,3,0,0,0,0,0,0,0,0,0
OTU_1103,2,0,0,0,0,0,0,0,0,0,0,0
OTU_1104,2,4,0,0,0,0,0,0,0,0,0,0
OTU_1105,0,2,0,0,0,0,0,0,0,0,0,0
OTU_1106,0,3,0,0,0,0,0,0,0,0,0,0
OTU_1107,0,0,0,3,0,0,0,0,0,0,0,0
OTU_1108,41,181,31,0,0,0,17,0,0,0,0,0
OTU_1109,0,2,0,0,0,0,0,0,0,0,0,0
OTU_1110,0,0,3,0,1,2,0,0,0,0,0,0
OTU_1111,0,6,0,0,0,0,0,0,0,0,0,0
OTU_1112,2,0,0,0,0,0,0,0,0,0,0,0
OTU_1113,0,0,0,0,0,6,0,0,0,0,0,0
OTU_1114,0,3,0,0,0,0,0,0,0,0,0,0
OTU_1115,2,0,2,0,1,0,0,0,0,1,2,0
OTU_1116,0,2,0,0,0,0,0,0,0,0,0,0
OTU_1117,0,0,0,0,0,2,0,0,0,0,0,0
OTU_1118,0,0,0,0,0,0,7,0,0,0,0,0
OTU_1119,0,0,0,0,0,0,0,0,0,0,4,1
OTU_1120,0,0,0,0,0,0,3,0,0,0,0,0
OTU_1121,0,2,1,0,0,0,0,0,0,0,0,0
OTU_1122,0,0,0,0,0,0,3,0,0,0,0,0
OTU_1123,0,2,0,0,0,0,0,0,0,0,0,0
OTU_1124,0,2,0,0,0,0,0,0,0,0,0,0
OTU_1125,0,0,0,0,0,0,6,0,0,0,0,0
OTU_1126,0,3,0,0,0,0,0,0,0,0,0,0
OTU_1127,0,0,0,0,2,0,0,0,0,0,0,0
OTU_1128,6,0,0,0,0,0,0,0,0,0,0,0
OTU_1129,2,0,0,0,0,0,0,0,0,0,0,0
OTU_1130,0,0,0,0,0,2,0,0,0,0,0,0
OTU_1131,2,0,1,0,0,0,0,0,0,0,0,0
OTU_1132,0,0,0,0,0,0,2,0,0,0,0,0
OTU_1133,2,0,0,0,0,0,0,0,0,0,0,0
OTU_1134,0,0,0,4,0,0,0,0,0,0,0,0
OTU_1135,0,0,1,2,1,0,0,0,0,0,0,0
OTU_1136,0,0,0,0,0,0,7,0,0,0,0,0
OTU_1137,2,0,0,0,0,0,0,0,0,0,0,0
OTU_1138,0,0,0,0,0,0,0,2,0,0,0,0
OTU_1139,0,2,0,0,0,0,0,0,0,0,0,0
OTU_1140,0,4,0,0,0,0,0,0,0,0,0,0
OTU_1141,0,0,0,0,2,0,0,0,0,0,0,0
OTU_1142,2,0,4,2,3,6,0,0,0,0,0,0
OTU_1143,3,0,0,0,0,0,0,0,0,0,0,0
OTU_1144,3,0,0,1,0,0,0,0,0,0,0,0
OTU_1145,0,2,0,0,0,0,0,0,0,0,0,0
OTU_1146,13,11,88,2,2,2,0,1,2,0,0,0
OTU_1147,0,0,0,7,7,8,0,0,0,0,0,0
OTU_1148,0,0,2,0,0,0,0,0,4,0,0,0
OTU_1149,0,0,0,0,1,2,0,0,0,0,0,0
OTU_1150,0,0,3,0,0,3,0,0,0,0,0,0
OTU_1151,0,6,0,0,0,0,0,0,0,0,0,0
OTU_1152,0,0,4,0,0,0,0,0,0,0,0,0
OTU_1154,0,3,2,1,0,0,1,0,0,0,0,0
OTU_1155,0,0,0,2,1,0,0,0,0,0,0,0
OTU_1156,0,0,0,2,0,0,0,0,0,0,0,0
OTU_1157,2,0,0,0,0,0,0,0,0,0,0,0
OTU_1158,0,0,0,2,0,0,3,0,0,0,0,0
OTU_1159,0,3,0,0,0,0,0,0,0,0,0,0
OTU_1160,0,0,0,1,0,0,0,2,0,0,0,0
OTU_1161,2,0,0,0,0,0,0,0,0,0,0,0
OTU_1162,0,0,0,0,3,0,0,0,0,0,0,1
OTU_1163,0,0,0,0,0,0,4,0,0,0,0,0
OTU_1164,0,2,0,0,0,0,0,0,0,0,0,0
OTU_1165,0,2,0,0,0,0,0,0,0,0,0,0
OTU_1166,4,9,0,1,3,0,12,0,0,0,0,0
OTU_1167,0,3,0,0,0,0,0,0,0,0,0,0
OTU_1168,0,6,0,0,0,0,0,0,0,0,0,0
OTU_1169,2,0,0,0,0,0,0,0,0,0,0,0
OTU_1170,0,0,0,0,0,0,3,0,0,0,0,0
OTU_1171,0,2,0,0,0,0,24,0,0,0,0,0
OTU_1172,2,0,0,0,0,0,0,0,0,0,0,0
OTU_1173,0,0,0,0,0,0,4,0,0,0,0,0
OTU_1174,0,2,0,0,0,0,0,0,0,0,0,0
OTU_1175,0,0,0,0,0,0,3,0,0,0,0,0
OTU_1176,0,0,0,0,3,0,0,0,0,0,0,0
OTU_1177,0,1,0,1,0,0,0,0,0,0,0,0
OTU_1178,0,0,0,6,3,0,0,0,0,0,0,0
OTU_1179,0,0,0,1,3,0,0,0,0,0,0,0
OTU_1180,0,0,2,0,0,0,0,0,0,0,0,0
OTU_1181,0,4,0,0,0,0,0,0,0,0,0,0
OTU_1182,0,3,0,0,0,0,0,0,0,0,0,0
OTU_1183,0,0,2,0,0,1,0,0,0,0,0,0
OTU_1184,0,3,0,0,0,0,0,0,0,0,0,0
OTU_1185,0,0,0,0,0,0,2,0,0,0,0,0
OTU_1186,2,0,3,0,0,0,0,0,0,0,0,0
OTU_1187,0,0,0,6,2,0,0,0,0,0,0,0
OTU_1188,0,0,0,4,0,0,0,0,0,0,0,0
OTU_1189,2,0,0,0,0,0,0,0,0,0,0,0
OTU_1190,4,0,0,0,0,0,0,0,0,0,0,0
OTU_1191,0,0,0,4,1,0,0,0,0,0,0,0
OTU_1192,0,4,0,0,0,0,0,0,0,0,0,0
OTU_1193,3,0,0,0,1,1,0,0,0,0,0,0
OTU_1194,0,0,10,3,0,0,11,0,56,0,1,0
OTU_1195,4,0,0,0,0,0,0,0,0,0,0,0
OTU_1196,0,3,0,4,3,0,0,0,0,0,0,0
OTU_1197,0,0,0,0,1,2,0,1,0,0,0,0
OTU_1198,0,0,0,0,2,0,0,0,0,0,0,0
OTU_1199,0,0,0,0,0,4,0,0,0,0,0,0
OTU_1200,0,0,2,0,0,1,0,0,0,0,0,0
OTU_1201,4,0,0,0,0,0,0,0,0,0,0,0
OTU_1202,0,0,0,0,0,0,0,0,0,0,0,2
OTU_1203,0,0,3,0,0,0,0,0,0,0,0,0
OTU_1204,0,0,4,0,0,0,0,0,0,0,0,0
OTU_1205,0,0,0,2,0,3,0,0,0,0,0,0
OTU_1206,0,2,0,0,0,0,0,0,0,0,0,0
OTU_1207,0,0,0,0,0,0,0,0,0,0,2,0
OTU_1208,2,0,0,0,0,0,0,0,0,0,0,0
OTU_1209,0,0,0,0,0,2,0,0,0,0,0,0
OTU_1210,2,0,0,0,0,0,3,0,0,0,0,0
OTU_1211,0,0,0,5,2,0,0,0,0,0,0,0
OTU_1212,3,0,0,0,0,0,0,0,0,0,0,0
OTU_1213,0,0,0,0,0,0,2,0,0,0,0,0
OTU_1214,3,0,0,0,0,0,0,0,0,0,0,0
OTU_1215,0,0,0,0,0,0,4,0,0,0,0,0
OTU_1216,0,0,0,1,0,0,2,0,0,0,0,0
OTU_1217,0,3,0,0,0,0,0,0,0,0,0,0
OTU_1218,0,2,0,0,0,0,0,0,0,0,0,0
OTU_1219,0,2,0,0,0,0,0,0,0,0,0,0
OTU_1220,0,0,5,0,0,0,0,0,0,0,0,0
OTU_1221,0,0,0,0,0,3,0,0,0,0,0,0
OTU_1222,2,6,4,0,1,0,1,0,1,0,0,0
OTU_1223,0,0,2,0,0,0,0,0,0,0,0,0
OTU_1224,0,0,0,0,0,0,3,0,0,0,0,0
OTU_1225,0,0,0,0,0,0,2,0,0,0,0,0
OTU_1226,0,2,0,0,0,0,0,0,0,0,0,0
OTU_1227,0,3,0,0,0,0,0,0,0,0,0,0
OTU_1228,2,4,0,0,0,0,0,0,0,0,0,0
OTU_1229,2,0,1,7,1,0,0,0,0,0,0,0
OTU_1230,0,0,0,0,0,0,5,0,0,0,0,0
OTU_1231,0,0,4,0,0,0,0,0,0,0,0,0
OTU_1232,0,0,2,0,0,0,0,0,0,0,0,0
OTU_1233,0,0,0,0,0,5,0,0,0,0,0,0
OTU_1234,0,0,0,0,2,1,0,0,0,0,0,0
OTU_1235,0,0,0,0,0,3,0,0,0,0,0,0
OTU_1236,0,0,0,0,0,0,2,0,0,0,0,0
OTU_1237,0,5,0,0,1,0,0,0,0,0,0,0
OTU_1238,0,4,0,0,0,0,0,0,0,0,0,0
OTU_1239,2,0,0,0,1,0,0,0,0,0,0,0
OTU_1240,0,0,0,0,0,0,0,0,10,0,0,0
OTU_1241,0,0,0,0,0,0,2,0,0,0,0,0
OTU_1242,0,0,0,0,1,0,4,0,0,0,0,0
OTU_1243,0,0,0,0,0,0,4,0,0,0,0,0
OTU_1244,3,0,0,1,0,0,0,0,0,0,0,0
OTU_1245,0,4,0,0,0,0,0,0,0,0,0,0
OTU_1246,4,0,1,0,0,0,0,0,0,0,0,1
OTU_1247,0,0,0,0,0,0,2,0,0,0,0,0
OTU_1248,2,0,0,0,0,0,3,0,0,0,0,0
OTU_1249,0,0,0,0,0,3,1,0,0,0,0,0
OTU_1250,0,2,0,0,0,1,0,0,0,0,0,0
OTU_1251,1,2,0,0,1,0,2,0,0,0,0,0
OTU_1252,0,0,0,0,1,1,0,0,0,0,0,0
OTU_1253,0,0,0,1,2,2,0,0,0,0,0,0
OTU_1254,0,0,0,0,0,3,0,0,0,0,0,0
OTU_1255,0,0,0,0,0,0,6,0,0,0,0,0
OTU_1256,3,0,0,1,0,0,0,0,0,0,0,0
OTU_1257,0,0,0,0,0,0,7,0,0,0,0,0
OTU_1258,0,0,0,0,0,0,5,0,0,0,0,0
OTU_1259,0,0,0,0,2,0,0,0,0,0,0,0
OTU_1260,0,0,0,0,0,0,0,4,0,0,0,0
OTU_1261,0,0,0,1,1,2,0,0,0,0,0,0
OTU_1262,0,0,0,1,0,0,0,0,0,2,0,0
OTU_1263,0,0,0,0,0,0,3,0,0,0,0,0
OTU_1264,0,0,0,2,0,0,0,0,0,0,0,0
OTU_1265,1,2,0,0,0,0,0,0,0,0,0,0
OTU_1266,2,0,0,0,0,0,0,0,0,0,0,0
OTU_1267,0,0,8,0,0,0,0,0,0,0,0,0
OTU_1268,0,0,0,0,0,0,2,0,0,0,0,0
OTU_1269,2,1,0,0,0,0,0,0,0,0,0,0
OTU_1270,0,0,0,0,0,0,7,0,0,0,0,0
OTU_1271,1,0,3,0,0,0,0,0,0,0,0,0
OTU_1272,5,0,0,0,0,0,0,0,0,0,0,0
OTU_1273,0,1,2,0,0,1,0,0,0,0,0,0
OTU_1274,0,2,0,0,0,0,0,0,0,0,0,0
OTU_1275,0,0,1,3,2,0,0,0,0,0,0,0
OTU_1276,0,1,2,0,0,0,0,0,0,0,0,0
OTU_1277,0,2,0,0,0,0,0,0,0,0,0,0
OTU_1278,1,3,20,2,0,2,1,1,3,0,0,0
OTU_1279,0,0,0,0,2,1,0,0,0,0,3,0
OTU_1280,0,1,0,3,4,0,0,1,0,0,0,0
OTU_1281,0,0,0,0,0,2,0,0,0,0,0,0
OTU_1282,0,0,0,0,0,0,2,0,0,0,0,0
OTU_1283,2,1,0,0,0,0,0,0,0,0,0,0
OTU_1284,0,0,0,0,0,0,2,0,0,0,0,0
OTU_1285,0,0,2,0,0,0,0,0,0,0,0,0
