"ID","CSCK1","CSCK2","CSCK3","CSSP1","CSSP2","CSSP3","CHCK1","CHCK2","CHCK3","CHSP1","CHSP2","CHSP3"
"OTU_1",2372,2323,1168,17715,17304,18187,302,2539,2874,21565,21592,21570
"OTU_4",11468,9454,11470,16,20,17,782,1814,3181,3,1,2
"OTU_5",860,870,537,2958,3415,2648,16,119,101,1,0,0
"OTU_6",1745,2160,2242,4,1,10,3,0,29,0,0,0
"OTU_7",1288,1653,4326,102,124,157,17,47,232,0,0,0
"OTU_8",0,0,0,0,0,0,2548,14,0,0,0,0
"OTU_9",0,0,0,0,0,0,942,184,0,0,0,0
"OTU_10",137,251,68,1,3,5,20,502,282,0,1,0
"OTU_11",0,0,0,0,0,0,3030,42,0,0,0,0
"OTU_12",25,0,0,0,0,0,3,774,49,0,0,0
"OTU_14",16,39,3,0,0,0,33,479,439,0,0,0
"OTU_15",0,0,1,0,0,0,729,0,0,0,0,0
"OTU_16",0,0,0,0,0,0,540,13,0,0,0,0
"OTU_17",0,0,5,0,0,0,1590,16,0,0,0,0
"OTU_18",289,517,118,0,0,0,0,12,0,0,0,0
"OTU_19",0,0,0,0,0,0,647,0,0,0,0,0
"OTU_20",23,0,0,0,0,0,1,467,32,0,0,0
"OTU_22",5,0,13,4,1,0,419,318,21,0,0,0
"OTU_23",0,0,0,0,0,0,503,0,0,0,0,0
"OTU_24",43,12,4,0,0,0,6,392,45,0,0,0
"OTU_25",0,0,0,0,0,0,737,0,0,0,0,0
"OTU_26",0,0,0,0,0,0,310,21,0,0,0,0
"OTU_27",0,0,0,0,0,0,922,0,0,0,0,0
"OTU_28",16,20,0,0,0,0,5,403,685,0,0,0
"OTU_29",0,0,3,1,0,0,351,53,13,0,0,0
"OTU_30",3,0,1,0,0,0,441,13,12,0,0,0
"OTU_31",30,0,0,0,0,0,3,504,128,0,0,0
"OTU_32",21,0,2,0,0,0,0,240,218,0,0,0
"OTU_33",0,0,0,0,0,0,468,0,0,0,0,0
"OTU_34",0,0,0,0,0,0,679,32,0,0,0,0
"OTU_35",48,349,9,0,0,0,7,103,0,0,0,0
"OTU_36",22,0,0,0,0,0,3,745,168,0,0,0
"OTU_37",0,0,0,0,0,0,0,0,1976,0,0,0
"OTU_38",0,0,0,0,0,0,395,0,0,0,0,0
"OTU_39",20,0,34,1,1,0,0,225,72,0,0,0
"OTU_40",0,0,0,0,0,0,0,259,24,0,0,0
"OTU_41",177,255,149,28,13,27,3,58,42,0,0,0
"OTU_42",5,0,5,0,0,0,136,24,0,0,0,0
"OTU_43",0,0,0,0,0,0,6,137,115,0,0,0
"OTU_44",0,5,5,0,1,0,270,112,0,0,0,0
"OTU_45",112,155,47,4,3,6,0,14,0,0,0,0
"OTU_46",4,4,1,0,0,0,21,96,310,0,3,0
"OTU_47",0,0,0,2,0,0,500,31,0,0,0,0
"OTU_48",0,0,0,0,0,0,198,8,0,0,0,0
"OTU_49",14,0,0,0,0,0,0,145,27,0,0,0
"OTU_50",7,0,2,0,0,0,4,116,208,0,0,0
"OTU_51",0,0,0,32,24,56,0,0,0,0,0,0
"OTU_52",0,0,6,0,0,0,125,5,0,0,0,0
"OTU_53",0,10,2,0,0,1,14,117,82,0,0,0
"OTU_54",0,0,4,0,0,0,0,198,0,0,0,0
"OTU_55",41,87,30,22,17,29,14,127,42,0,0,0
"OTU_56",17,12,5,40,57,46,4,40,53,2,0,3
"OTU_57",3,2,1,0,1,0,1,152,0,0,0,0
"OTU_58",78,88,39,3,6,1,0,24,57,0,0,0
"OTU_59",66,146,49,0,0,0,0,0,0,0,0,0
"OTU_60",0,0,0,0,0,0,79,23,0,0,0,0
"OTU_61",4,0,4,0,1,0,0,76,48,1,0,0
"OTU_62",5,0,4,0,0,0,3,132,30,0,0,0
"OTU_63",133,65,61,0,0,0,0,0,0,0,0,0
"OTU_64",2,0,0,0,0,0,0,143,0,0,0,0
"OTU_65",0,0,1,1,0,0,242,10,0,0,0,0
"OTU_66",0,0,3,1,0,0,7,98,94,0,0,0
"OTU_67",128,84,35,2,4,1,0,0,0,0,0,0
"OTU_68",20,23,7,0,0,0,62,19,101,0,0,0
"OTU_69",50,44,31,7,13,18,2,23,0,0,0,0
"OTU_70",13,0,6,0,0,0,0,187,92,0,0,0
"OTU_71",0,0,0,0,0,0,0,94,41,0,0,0
"OTU_72",34,26,6,1,2,4,7,110,23,0,0,0
"OTU_73",132,157,60,0,1,1,2,5,20,0,0,1
"OTU_74",3,0,4,3,0,0,149,0,0,0,0,0
"OTU_75",7,1,1,17,24,39,0,0,0,0,0,0
"OTU_76",0,0,0,0,0,0,2,74,44,0,0,0
"OTU_77",0,0,0,0,0,0,1,97,64,0,0,0
"OTU_78",5,0,2,0,0,0,8,47,119,0,2,0
"OTU_79",4,9,4,0,0,0,0,193,241,0,0,0
"OTU_80",0,0,0,0,0,0,104,12,0,0,0,0
"OTU_81",0,0,0,0,0,0,0,63,0,0,0,0
"OTU_82",12,1,1,0,0,0,2,75,69,0,0,0
"OTU_83",16,30,18,1,1,0,7,221,112,0,0,0
"OTU_84",6,5,0,0,0,0,9,52,72,0,0,0
"OTU_85",3,1,3,1,1,0,28,26,41,0,0,0
"OTU_86",0,0,0,0,0,0,135,21,34,0,0,0
"OTU_87",24,9,16,0,0,1,0,77,45,0,0,0
"OTU_88",0,0,0,0,0,0,0,13,176,0,0,0
"OTU_89",0,0,1,2,0,0,122,0,0,0,0,0
"OTU_90",0,0,1,0,0,0,76,0,0,0,2,0
"OTU_91",3,4,0,2,4,1,0,125,12,0,0,0
"OTU_92",0,0,0,0,1,0,52,42,0,0,0,0
"OTU_93",3,0,6,7,2,3,29,30,229,0,1,0
"OTU_94",0,0,0,0,0,0,96,10,0,0,0,0
"OTU_95",0,0,0,0,0,0,105,0,0,0,0,0
"OTU_96",0,0,0,0,0,0,19,9,118,0,0,0
"OTU_97",0,0,0,0,0,0,40,22,187,0,0,0
"OTU_98",56,48,38,1,0,1,2,2,14,0,0,0
"OTU_99",0,0,0,0,0,0,119,5,0,0,0,0
"OTU_100",1,0,0,0,0,1,16,24,63,0,0,0
"OTU_103",3,1,0,12,5,2,0,37,33,0,0,0
"OTU_104",0,0,0,46,104,25,0,0,0,0,0,0
"OTU_105",5,0,0,16,6,22,0,0,0,0,0,0
"OTU_106",2,0,3,0,0,0,2,56,111,0,0,0
"OTU_107",0,0,0,0,0,0,0,72,0,0,0,0
"OTU_108",1,13,4,0,0,0,2,70,10,0,0,0
"OTU_109",13,4,4,2,2,2,2,50,0,1,0,0
"OTU_110",34,61,11,5,4,4,0,50,122,0,0,0
"OTU_111",0,0,0,0,0,0,0,70,0,0,0,0
"OTU_112",11,3,0,2,0,0,2,70,0,0,0,0
"OTU_113",8,0,0,0,0,0,2,62,0,0,0,0
"OTU_115",10,1,7,0,0,0,0,61,8,0,0,0
"OTU_116",87,42,61,5,6,0,13,43,60,2,0,0
"OTU_117",2,0,0,0,0,0,0,90,52,0,0,0
"OTU_118",0,0,0,0,0,0,46,0,0,0,0,0
"OTU_119",3,12,1,0,0,0,5,46,20,0,0,0
"OTU_120",0,0,0,0,0,0,0,68,0,0,0,0
"OTU_121",0,0,1,0,0,0,96,11,0,0,0,0
"OTU_122",0,0,0,0,0,0,0,86,0,0,0,0
"OTU_123",0,0,0,0,0,0,61,0,0,0,0,0
"OTU_124",1,0,0,0,0,0,0,52,0,0,0,0
"OTU_125",7,1,0,0,1,0,0,111,39,0,0,0
"OTU_126",0,0,0,0,0,0,0,42,19,0,0,0
"OTU_127",0,0,0,0,0,0,15,34,0,0,0,0
"OTU_128",0,3,0,0,2,0,0,0,122,0,0,0
"OTU_129",12,4,7,0,0,0,0,41,0,0,0,0
"OTU_130",9,49,12,6,17,16,8,70,230,6,12,10
"OTU_131",4,4,0,6,3,3,22,0,18,1,0,2
"OTU_132",0,0,0,0,0,0,0,44,0,0,0,0
"OTU_133",0,0,0,0,0,0,60,0,0,0,0,0
"OTU_134",0,0,0,0,0,0,0,81,0,0,0,0
"OTU_135",0,0,0,0,0,0,0,0,134,0,0,0
"OTU_136",40,34,9,1,0,0,6,98,29,1,0,0
"OTU_137",26,18,8,4,2,1,6,7,227,0,0,0
"OTU_138",0,0,0,0,0,0,87,57,0,0,0,0
"OTU_139",0,0,0,0,0,0,33,0,0,0,0,0
"OTU_140",6,0,1,32,19,0,2,40,65,0,0,0
"OTU_141",7,1,0,4,17,20,1,0,23,0,0,0
"OTU_142",0,0,0,0,0,0,0,70,0,0,0,0
"OTU_143",12,0,2,0,0,0,1,21,35,0,0,0
"OTU_144",0,0,0,0,0,0,0,43,0,0,0,0
"OTU_145",0,0,0,7,5,0,0,38,0,0,0,0
"OTU_147",0,0,0,7,2,2,0,40,6,0,0,1
"OTU_148",0,1,0,17,19,24,8,59,44,0,0,0
"OTU_149",0,0,0,0,0,0,0,40,0,0,0,0
"OTU_150",3,0,1,0,0,0,0,110,0,0,0,0
"OTU_151",0,0,0,0,0,0,0,26,0,0,0,0
"OTU_152",0,0,0,0,0,0,0,41,0,0,0,0
"OTU_153",0,0,0,0,0,0,0,0,99,0,0,0
"OTU_154",0,0,0,0,0,0,0,38,0,0,0,0
"OTU_155",12,12,6,4,4,14,0,0,0,0,0,0
"OTU_156",1,81,2,0,0,0,0,0,0,0,0,0
"OTU_157",2,0,0,0,1,0,0,56,0,0,0,0
"OTU_158",0,0,0,0,0,0,0,43,0,0,0,0
"OTU_159",0,0,0,0,0,0,0,50,0,0,0,0
"OTU_160",3,26,3,0,0,0,19,117,126,0,0,0
"OTU_161",5,9,2,1,3,0,5,36,24,0,0,0
"OTU_162",42,43,1,0,0,0,0,0,0,0,0,0
"OTU_163",6,0,0,1,1,0,0,22,0,0,0,0
"OTU_164",0,0,0,0,0,0,87,0,0,0,0,0
"OTU_165",9,24,23,0,0,0,27,56,0,0,0,0
"OTU_166",0,0,0,0,0,0,0,0,104,0,0,0
"OTU_167",0,0,0,0,0,0,40,0,0,0,0,0
"OTU_168",38,42,24,2,7,7,1,7,255,0,0,0
"OTU_169",3,14,2,1,2,2,0,26,0,0,0,0
"OTU_170",0,0,0,0,0,0,35,0,0,0,0,0
"OTU_171",1,0,0,0,0,0,11,34,68,0,0,0
"OTU_172",0,0,0,0,0,0,0,32,0,0,0,0
"OTU_173",6,0,2,0,2,0,0,59,30,0,0,0
"OTU_174",1,113,0,0,0,0,0,23,0,0,0,0
"OTU_175",0,0,0,0,0,0,41,0,0,0,0,0
"OTU_176",7,9,6,3,1,0,1,36,16,1,0,0
"OTU_177",0,0,0,0,0,0,0,52,0,0,0,0
"OTU_178",0,0,0,0,0,0,21,34,0,0,0,0
"OTU_179",0,0,0,0,0,0,32,0,0,0,0,0
"OTU_180",2,1,0,13,5,0,0,26,0,0,0,0
"OTU_181",2,0,0,0,0,0,0,31,19,0,0,0
"OTU_182",7,1,0,0,0,0,2,36,25,0,0,0
"OTU_183",18,1,6,1,3,0,0,43,0,0,0,0
"OTU_184",18,21,10,6,6,7,0,36,2,0,0,0
"OTU_185",5,0,0,0,0,0,0,84,62,0,0,0
"OTU_186",9,7,3,22,28,14,0,9,81,48,20,42
"OTU_187",0,0,0,0,0,0,37,0,0,0,0,0
"OTU_188",0,0,0,0,0,0,0,28,0,0,0,0
"OTU_189",0,0,0,3,1,0,0,37,0,0,0,0
"OTU_190",0,0,27,0,0,0,0,0,0,0,0,0
"OTU_191",0,0,0,0,0,0,0,0,96,0,0,0
"OTU_192",3,0,0,0,0,0,0,0,62,0,0,0
"OTU_193",0,0,0,0,0,0,9,2,31,0,0,0
"OTU_194",34,22,5,0,0,0,6,34,0,1,2,0
"OTU_195",18,5,0,6,11,9,0,0,4,0,0,0
"OTU_196",0,0,1,0,0,0,1,54,0,0,0,0
"OTU_197",0,0,0,0,0,0,1,3,77,0,0,0
"OTU_198",0,0,0,0,0,0,34,0,0,0,0,0
"OTU_199",0,0,0,0,0,0,0,34,0,0,0,0
"OTU_200",1,2,0,6,4,6,0,23,0,0,0,0
"OTU_201",0,0,0,0,0,0,0,45,45,0,0,0
"OTU_202",0,0,0,0,0,0,0,0,98,0,0,0
"OTU_203",13,3,4,9,5,11,0,0,0,0,0,0
"OTU_204",0,0,0,0,0,0,2,29,59,0,0,0
"OTU_205",0,0,0,0,0,0,0,30,0,0,0,0
"OTU_206",0,0,0,0,0,0,0,43,0,0,0,0
"OTU_207",0,0,0,0,0,0,0,43,0,0,0,0
"OTU_208",36,9,0,0,0,0,0,0,0,0,0,0
"OTU_209",18,43,8,2,0,0,1,74,22,0,0,0
"OTU_210",0,0,0,0,0,0,17,0,0,0,0,0
"OTU_211",0,0,0,0,0,0,0,26,0,0,0,0
"OTU_212",0,0,0,0,0,0,9,28,44,0,0,0
"OTU_213",0,0,0,4,3,0,0,0,69,0,0,0
"OTU_214",0,1,0,0,0,0,0,0,55,0,0,0
"OTU_215",23,23,17,0,0,0,0,0,26,0,0,0
"OTU_216",0,0,0,0,0,0,51,0,0,0,0,0
"OTU_217",5,7,0,0,0,0,0,0,0,7,2,5
"OTU_218",41,4,12,0,0,0,2,0,0,0,0,0
"OTU_220",8,0,0,0,0,0,2,51,0,0,0,0
"OTU_221",2,0,0,0,0,0,3,23,0,0,0,0
"OTU_222",3,19,6,0,0,0,22,53,0,0,1,0
"OTU_223",3,1,1,0,0,0,0,14,26,0,0,0
"OTU_224",0,0,0,0,0,0,38,0,0,0,0,0
"OTU_225",0,0,0,0,0,0,0,17,16,0,0,0
"OTU_226",0,0,0,0,0,0,63,0,0,0,0,0
"OTU_227",1,2,0,0,0,0,1,28,11,0,0,0
"OTU_228",0,0,0,0,0,0,0,29,0,0,0,0
"OTU_229",9,12,0,8,6,10,0,0,0,0,0,0
"OTU_230",0,0,0,0,0,0,0,22,0,0,0,0
"OTU_231",0,0,0,0,0,0,0,39,0,0,0,0
"OTU_232",0,0,0,0,0,0,0,40,0,0,0,0
"OTU_233",0,0,0,0,0,0,0,0,82,0,0,0
"OTU_234",0,0,0,1,0,0,0,24,0,0,0,0
"OTU_235",0,0,1,0,0,0,35,23,0,0,0,0
"OTU_236",9,31,0,0,0,0,0,0,58,0,0,0
"OTU_237",0,0,0,0,0,1,0,27,0,0,0,0
"OTU_238",0,0,0,0,0,0,0,15,24,0,0,0
"OTU_239",0,1,0,0,0,0,4,20,3,0,0,0
"OTU_240",0,0,0,0,0,0,0,28,0,0,0,0
"OTU_241",0,0,0,0,0,0,0,21,0,0,0,0
"OTU_242",4,14,3,0,0,0,0,0,69,0,0,0
"OTU_243",0,0,0,0,0,0,0,0,49,0,0,0
"OTU_244",0,0,0,0,0,0,30,2,0,0,0,0
"OTU_245",0,0,0,0,0,0,0,21,0,0,0,0
"OTU_246",6,0,0,0,0,1,0,34,0,0,0,0
"OTU_247",0,0,0,0,0,0,1,23,0,0,0,0
"OTU_248",0,0,0,0,0,0,0,32,0,0,0,0
"OTU_249",0,0,0,39,14,0,2,0,0,0,0,0
"OTU_250",8,1,3,0,1,2,2,38,185,0,0,0
"OTU_251",0,0,0,0,0,0,0,0,44,0,0,0
"OTU_252",0,4,0,0,0,0,4,0,40,0,0,0
"OTU_253",13,0,5,0,3,0,0,12,28,0,0,0
"OTU_254",0,0,9,3,0,0,68,0,0,0,0,0
"OTU_255",0,0,0,0,0,0,0,12,81,0,0,0
"OTU_256",0,0,0,2,0,0,29,18,2,0,0,0
"OTU_257",0,0,0,3,1,0,14,21,0,0,0,0
"OTU_258",0,0,0,0,0,0,8,0,39,0,0,0
"OTU_259",16,43,7,0,4,0,0,13,143,0,0,0
"OTU_260",0,0,0,0,0,0,0,21,0,0,0,0
"OTU_261",8,4,2,0,2,10,7,10,0,0,0,0
"OTU_262",35,5,10,0,0,0,0,0,0,0,0,0
"OTU_263",2,1,0,0,0,0,0,25,0,0,0,0
"OTU_264",0,0,0,0,0,0,0,28,0,0,0,0
"OTU_265",6,0,1,1,0,0,0,27,0,0,0,0
"OTU_266",0,0,0,0,0,0,0,0,43,0,0,0
"OTU_267",40,44,17,1,0,1,0,0,0,0,0,0
"OTU_268",0,0,0,0,0,0,0,23,0,0,0,0
"OTU_269",6,0,0,0,0,0,28,0,0,0,0,0
"OTU_270",0,0,0,0,0,0,0,24,19,0,0,0
"OTU_271",0,0,0,0,0,0,0,0,96,0,0,0
"OTU_272",0,0,0,0,0,0,5,25,0,0,0,0
"OTU_273",5,0,1,0,0,0,0,26,47,0,0,0
"OTU_274",0,0,0,0,0,0,0,17,0,0,0,0
"OTU_275",0,0,0,0,0,0,0,0,61,0,0,0
"OTU_276",0,0,0,0,0,0,0,19,0,0,0,0
"OTU_277",0,0,0,0,0,0,0,17,0,0,0,0
"OTU_278",0,2,1,0,0,0,0,24,0,0,0,0
"OTU_279",0,0,0,0,0,0,0,18,0,0,0,0
"OTU_280",0,0,0,0,0,0,17,7,0,0,0,0
"OTU_281",6,7,39,0,0,0,0,0,0,0,0,0
"OTU_282",0,0,0,0,0,0,0,0,44,0,0,0
"OTU_283",0,0,0,0,0,0,52,6,0,0,0,0
"OTU_284",0,0,5,0,0,0,0,35,0,0,0,0
"OTU_285",0,3,0,0,0,0,0,28,0,0,0,0
"OTU_286",2,11,2,0,2,1,0,47,0,0,0,0
"OTU_287",0,0,0,0,0,0,0,13,0,0,0,0
"OTU_288",0,0,0,0,0,0,7,9,54,0,0,0
"OTU_289",0,0,0,0,0,0,0,16,20,0,0,0
"OTU_290",0,0,0,0,0,0,0,15,0,0,0,0
"OTU_291",0,0,0,0,0,0,0,16,0,0,0,0
"OTU_292",0,1,2,0,0,0,45,5,0,0,0,0
"OTU_293",0,0,0,0,0,0,0,17,0,0,0,0
"OTU_294",0,0,0,0,0,0,0,32,0,0,0,0
"OTU_295",6,7,7,0,0,0,0,45,2,0,0,0
"OTU_296",2,0,0,0,0,0,0,20,0,0,0,0
"OTU_297",0,0,0,0,0,0,43,0,0,0,0,0
"OTU_298",0,0,0,0,0,0,0,32,0,0,0,0
"OTU_299",0,2,5,0,0,0,1,21,35,0,0,0
"OTU_300",0,0,0,0,0,0,0,27,0,0,0,0
"OTU_301",0,2,0,3,3,11,0,0,0,0,0,0
"OTU_302",0,0,0,20,3,0,0,0,0,0,0,0
"OTU_303",4,3,5,22,15,11,8,5,0,0,0,0
"OTU_304",0,20,0,0,0,0,2,12,0,0,0,1
"OTU_305",0,0,0,0,0,0,0,20,0,0,0,0
"OTU_306",0,0,0,0,0,0,0,17,0,0,0,0
"OTU_307",10,0,1,0,1,0,8,26,0,0,0,0
"OTU_308",0,0,0,0,0,0,0,0,52,0,0,0
"OTU_309",0,3,0,0,0,0,0,25,58,0,0,0
"OTU_310",0,0,0,0,0,0,0,16,0,0,0,0
"OTU_311",0,0,2,0,0,0,21,0,0,0,0,0
"OTU_312",4,4,0,0,0,0,0,18,0,0,0,0
"OTU_313",0,0,0,0,0,1,0,25,0,0,0,0
"OTU_314",3,27,5,2,1,4,8,24,1,0,0,0
"OTU_315",15,12,0,2,5,0,0,0,0,0,0,0
"OTU_316",0,0,0,0,0,0,0,11,0,0,0,0
"OTU_317",1,0,0,0,0,0,0,33,0,0,0,0
"OTU_318",0,0,0,0,0,0,0,19,0,0,0,0
"OTU_319",0,0,0,0,0,0,0,18,0,0,0,0
"OTU_320",0,0,0,0,0,0,0,24,0,0,0,0
"OTU_321",0,2,0,0,2,0,0,22,0,0,0,0
"OTU_322",0,0,0,0,0,0,0,13,0,0,0,0
"OTU_323",0,0,0,0,0,0,17,0,0,0,0,0
"OTU_324",13,9,5,0,0,0,3,0,42,0,0,0
"OTU_325",0,0,0,0,0,0,0,16,0,0,0,0
"OTU_326",0,0,0,0,0,0,0,24,0,0,0,0
"OTU_327",0,0,0,0,0,0,5,27,0,0,0,0
"OTU_328",4,12,0,0,0,0,0,33,0,0,0,0
"OTU_329",0,0,2,2,0,0,4,32,0,0,0,0
"OTU_330",0,0,0,19,5,0,0,0,0,0,0,0
"OTU_331",0,0,0,0,0,0,0,19,7,0,0,0
"OTU_332",0,0,0,0,0,0,0,20,0,0,0,0
"OTU_333",28,0,0,0,0,0,0,0,2,0,0,0
"OTU_334",0,0,0,0,0,0,0,0,39,0,0,0
"OTU_335",0,0,0,0,0,0,0,27,0,0,0,0
"OTU_336",5,7,1,1,0,1,0,6,20,0,0,2
"OTU_337",16,5,3,0,0,0,0,0,27,0,0,0
"OTU_339",0,0,0,0,0,0,0,16,0,0,0,0
"OTU_340",0,2,0,1,1,6,0,0,0,0,0,0
"OTU_341",0,0,0,0,0,0,6,0,32,0,0,0
"OTU_342",0,3,0,0,0,0,0,0,26,0,0,0
"OTU_343",0,0,0,1,0,0,0,23,0,0,0,0
"OTU_344",0,0,0,0,0,0,0,26,0,0,0,0
"OTU_345",8,5,1,1,4,3,0,0,0,2,0,0
"OTU_346",0,0,0,0,0,0,0,6,12,0,0,0
"OTU_347",0,0,0,0,0,0,1,10,0,0,0,0
"OTU_348",0,0,0,0,0,0,0,10,0,0,0,0
"OTU_349",0,0,0,0,0,0,6,0,25,0,0,0
"OTU_350",0,0,0,0,0,0,0,10,0,0,0,0
"OTU_351",0,0,0,0,0,0,11,0,0,0,0,0
"OTU_352",0,0,0,0,0,0,0,0,52,0,0,0
"OTU_353",0,0,0,0,0,0,0,12,0,0,0,0
"OTU_354",0,0,0,0,0,0,35,0,0,0,0,0
"OTU_355",0,0,0,0,0,0,0,0,48,0,0,0
"OTU_356",2,0,0,0,0,0,14,0,23,0,0,0
"OTU_357",0,0,0,0,0,0,2,20,0,0,0,0
"OTU_358",0,0,0,0,0,0,0,21,0,0,0,0
"OTU_359",0,0,0,0,0,0,5,1,23,0,0,0
"OTU_360",0,0,0,0,0,0,2,12,0,0,0,0
"OTU_361",0,0,0,0,0,0,0,20,0,0,0,0
"OTU_362",0,0,0,0,0,0,0,15,0,0,0,0
"OTU_363",0,0,0,0,0,0,0,0,50,0,0,0
"OTU_364",0,0,0,0,0,0,0,16,0,0,0,0
"OTU_365",4,3,0,0,2,2,1,11,0,0,0,0
"OTU_366",0,0,0,0,0,0,0,0,42,0,0,0
"OTU_367",0,0,0,0,0,0,0,12,0,0,0,0
"OTU_368",0,0,0,0,0,0,0,23,0,0,0,0
"OTU_369",0,0,0,0,0,0,16,0,0,0,0,0
"OTU_370",1,31,0,0,0,0,0,0,0,0,0,0
"OTU_371",0,0,0,0,0,0,0,12,37,0,0,0
"OTU_372",12,48,0,0,0,0,0,0,0,0,1,0
"OTU_373",0,0,0,0,0,0,0,12,0,0,0,0
"OTU_374",0,0,0,0,0,0,0,0,35,0,0,0
"OTU_375",0,0,0,0,0,0,0,5,39,0,0,0
"OTU_376",0,0,2,0,0,0,0,0,34,0,0,0
"OTU_377",0,0,0,0,0,0,0,21,0,0,0,0
"OTU_378",0,0,0,0,0,0,10,0,0,0,0,0
"OTU_379",0,6,0,0,0,0,0,10,0,0,0,0
"OTU_380",0,0,0,0,0,0,0,9,0,0,0,0
"OTU_381",4,8,3,0,1,0,5,17,0,0,0,0
"OTU_382",0,0,0,0,0,0,0,14,0,0,0,0
"OTU_383",0,0,0,0,0,0,0,14,0,0,0,0
"OTU_384",0,0,0,0,0,0,0,0,28,0,0,0
"OTU_385",2,11,0,0,0,0,0,0,37,0,0,0
"OTU_386",1,0,0,0,0,0,0,29,0,0,0,0
"OTU_387",7,0,0,0,0,0,0,30,0,0,0,0
"OTU_388",0,0,0,0,0,0,29,0,0,0,0,0
"OTU_389",0,0,0,0,0,0,0,12,0,0,0,0
"OTU_390",2,42,0,0,0,0,0,0,0,0,0,0
"OTU_391",3,0,0,0,0,0,0,42,58,0,0,0
"OTU_392",0,0,0,0,0,0,0,0,22,0,0,0
"OTU_393",0,1,0,0,0,1,0,0,19,0,0,0
"OTU_394",3,0,0,0,0,0,0,12,0,0,0,0
"OTU_395",0,0,0,0,0,1,0,0,27,0,0,0
"OTU_396",0,0,0,5,8,5,0,0,0,0,0,0
"OTU_397",0,0,0,0,0,0,0,12,0,0,0,0
"OTU_398",0,0,5,0,0,0,0,14,0,0,0,0
"OTU_399",2,1,5,0,0,0,0,10,0,0,0,0
"OTU_400",13,5,5,0,2,1,0,0,0,0,0,0
"OTU_401",4,33,6,2,7,3,4,0,0,0,0,0
"OTU_402",0,0,0,0,0,0,0,12,0,0,0,0
"OTU_403",0,6,0,0,0,0,0,0,32,0,0,0
"OTU_404",0,0,0,0,0,0,0,15,0,0,0,0
"OTU_405",0,0,0,0,0,0,0,0,49,0,0,0
"OTU_406",0,0,0,0,0,0,0,0,25,0,0,0
"OTU_407",0,0,0,0,0,0,0,10,0,0,0,0
"OTU_408",0,0,0,0,0,0,0,19,0,0,0,0
"OTU_409",0,0,0,0,0,0,0,0,28,0,0,0
"OTU_410",0,6,0,0,0,0,0,12,0,0,0,0
"OTU_411",0,0,0,0,0,0,0,0,32,0,0,0
"OTU_412",0,0,0,0,0,0,0,12,0,0,0,0
"OTU_413",0,0,0,0,0,0,0,0,24,0,0,0
"OTU_414",0,0,0,0,0,0,0,14,0,0,0,0
"OTU_415",0,0,0,0,0,0,0,10,0,0,0,0
"OTU_416",0,0,0,0,0,0,12,0,0,0,0,0
"OTU_417",0,0,0,0,0,0,0,0,36,0,0,0
"OTU_418",0,0,0,0,0,0,0,0,25,0,0,0
"OTU_419",0,0,0,0,0,0,0,7,0,0,0,0
"OTU_420",0,0,0,0,0,0,0,0,39,0,0,0
"OTU_421",1,2,8,0,0,0,0,0,0,0,0,0
"OTU_422",1,0,0,0,0,0,0,20,0,0,0,0
"OTU_423",0,0,0,0,0,0,0,11,26,0,0,0
"OTU_424",0,0,0,0,0,0,14,0,0,0,0,0
"OTU_425",0,0,0,0,0,0,0,14,0,0,0,0
"OTU_426",0,0,0,0,0,0,0,0,30,0,0,0
"OTU_427",0,0,0,0,0,0,0,0,21,0,0,0
"OTU_428",0,0,0,0,0,0,0,0,34,0,0,0
"OTU_429",0,0,0,18,7,0,0,0,0,0,0,0
"OTU_430",0,0,0,0,0,0,0,1,30,0,0,0
"OTU_431",0,0,0,0,0,0,0,10,0,0,0,0
"OTU_432",0,0,0,0,0,0,1,10,24,0,0,0
"OTU_433",5,12,9,0,0,0,0,0,0,0,0,0
"OTU_434",0,0,0,2,0,6,0,0,0,0,0,0
"OTU_435",0,0,0,0,0,0,0,0,49,0,0,0
"OTU_436",0,4,0,0,0,0,6,0,31,0,0,0
"OTU_437",1,4,0,1,0,0,3,23,34,0,0,0
"OTU_438",0,6,0,1,0,4,1,0,11,0,0,0
"OTU_439",0,0,0,0,0,0,0,14,0,0,0,0
"OTU_440",0,0,0,0,0,0,0,10,10,0,0,0
"OTU_441",0,0,0,0,0,0,0,0,30,0,0,0
"OTU_442",0,0,0,0,0,0,0,13,0,0,0,0
"OTU_443",0,0,0,0,0,0,0,0,15,0,0,0
"OTU_444",0,0,0,0,0,0,0,0,27,0,0,0
"OTU_445",0,0,0,0,0,0,10,0,0,0,0,0
"OTU_446",0,0,0,0,0,0,0,14,0,0,0,0
"OTU_447",0,0,0,0,0,0,27,0,0,0,0,0
"OTU_448",0,0,0,0,0,0,0,0,21,0,0,0
"OTU_449",0,3,0,0,0,0,0,1,21,0,0,0
"OTU_450",1,0,0,4,0,0,0,41,26,0,0,0
"OTU_451",0,0,0,0,0,0,0,0,33,0,0,0
"OTU_452",0,0,0,0,0,0,0,0,38,0,0,0
"OTU_453",0,0,0,9,0,0,0,0,0,0,0,0
"OTU_454",0,0,0,0,0,0,0,18,0,0,0,0
"OTU_455",0,0,0,0,0,0,0,0,18,0,0,0
"OTU_456",0,0,0,0,0,0,0,10,0,0,0,0
"OTU_457",2,0,7,0,1,1,0,11,0,0,0,0
"OTU_458",0,0,0,0,0,0,0,26,0,0,0,0
"OTU_459",1,0,0,0,0,0,0,0,20,0,0,0
"OTU_460",0,0,0,0,0,0,0,16,0,0,0,0
"OTU_461",0,0,0,0,0,0,0,10,0,0,0,0
"OTU_462",0,0,0,0,0,0,0,7,14,0,0,0
"OTU_463",0,0,2,5,0,0,0,9,0,0,0,0
"OTU_464",0,0,0,0,0,0,1,11,0,0,0,0
"OTU_465",0,0,0,0,0,0,0,7,0,0,0,0
"OTU_466",0,0,0,0,0,0,2,0,21,0,0,0
"OTU_467",0,0,0,0,0,0,0,0,31,0,0,0
"OTU_468",0,0,0,0,0,0,0,0,28,0,0,0
"OTU_469",0,0,0,0,0,0,0,13,0,1,0,0
"OTU_470",10,0,0,1,2,4,0,0,0,0,0,0
"OTU_471",0,0,0,0,0,0,0,25,0,0,0,0
"OTU_472",0,0,0,0,0,0,0,8,0,0,0,0
"OTU_473",0,0,0,0,0,0,0,0,33,0,0,0
"OTU_474",0,0,0,0,0,0,5,0,34,0,0,0
"OTU_475",0,0,0,0,0,0,0,0,17,0,0,0
"OTU_476",11,32,0,0,0,0,0,0,0,0,0,0
"OTU_477",0,0,0,0,0,0,0,21,0,0,0,0
"OTU_478",0,0,0,0,0,0,0,6,0,0,0,0
"OTU_479",0,0,0,0,0,0,0,14,0,0,0,0
"OTU_480",0,0,0,0,0,0,0,13,0,0,0,0
"OTU_481",8,8,1,0,0,0,0,0,0,0,0,0
"OTU_482",0,0,0,0,0,0,0,0,29,0,0,0
"OTU_483",0,0,0,0,0,0,0,17,0,0,0,0
"OTU_484",0,0,0,4,5,5,0,0,0,0,0,0
"OTU_485",8,15,0,0,0,0,0,0,0,0,0,0
"OTU_486",0,0,0,0,0,0,0,9,0,0,0,0
"OTU_487",0,0,0,0,0,0,0,13,0,0,0,0
"OTU_488",0,0,0,0,0,0,0,0,20,0,0,0
"OTU_489",1,10,1,0,0,0,0,0,16,0,0,0
"OTU_490",0,0,0,13,9,0,0,0,0,0,0,0
"OTU_491",9,2,6,0,0,0,0,0,37,0,1,0
"OTU_492",0,0,0,0,0,0,0,12,0,0,0,0
"OTU_493",0,0,0,0,0,0,2,0,16,0,0,0
"OTU_494",0,0,0,2,0,1,0,21,2,0,0,0
"OTU_495",0,0,0,0,0,0,0,16,0,0,0,0
"OTU_496",0,0,0,0,0,0,0,8,0,0,0,0
"OTU_497",0,0,0,0,0,0,0,13,0,0,0,0
"OTU_498",0,2,0,0,0,0,0,0,21,0,0,0
"OTU_499",0,0,0,0,0,0,0,12,0,0,0,0
"OTU_500",0,0,0,0,0,0,0,9,0,0,0,0
"OTU_501",0,0,0,0,0,0,0,0,18,0,0,0
"OTU_502",0,0,0,0,0,0,0,0,28,0,0,0
"OTU_503",0,0,0,2,1,0,0,5,0,0,0,0
"OTU_504",0,0,0,0,0,0,0,7,0,0,0,0
"OTU_505",0,0,0,0,0,0,0,8,0,0,0,0
"OTU_506",0,0,0,0,0,0,2,0,6,0,0,0
"OTU_507",0,0,0,0,0,0,0,10,0,0,0,0
"OTU_508",0,0,0,0,0,0,0,12,0,0,0,0
"OTU_509",13,14,0,3,5,4,0,0,0,0,0,0
"OTU_510",0,0,0,0,0,0,0,7,0,0,0,0
"OTU_511",0,0,0,0,0,0,0,0,16,0,0,0
"OTU_512",0,0,0,0,0,0,0,9,0,0,0,0
"OTU_513",1,0,0,6,5,0,0,0,0,0,0,0
"OTU_514",0,0,0,0,0,0,0,0,22,0,0,0
"OTU_515",0,0,0,0,0,0,0,0,28,0,0,0
"OTU_516",5,8,1,1,0,3,0,0,7,0,0,0
"OTU_517",33,11,3,0,1,1,0,0,0,0,0,0
"OTU_518",0,2,0,0,0,0,10,0,0,0,0,0
"OTU_519",0,0,0,0,0,0,0,11,16,0,0,0
"OTU_520",8,4,0,0,0,0,0,0,0,0,0,0
"OTU_521",0,0,0,0,0,0,0,11,0,0,0,0
"OTU_522",0,0,0,0,0,0,7,0,0,0,0,0
"OTU_523",0,0,0,0,0,0,0,0,17,0,0,0
"OTU_524",2,0,0,0,0,0,0,13,0,0,0,0
"OTU_525",0,0,0,0,0,0,21,0,0,0,0,0
"OTU_526",0,0,0,0,0,0,0,9,0,0,0,0
"OTU_527",4,0,0,0,0,0,0,24,8,0,0,0
"OTU_528",0,19,0,0,0,0,0,0,0,0,0,0
"OTU_529",0,0,0,0,0,0,0,4,0,0,0,0
"OTU_530",0,0,0,0,0,0,0,6,0,0,0,0
"OTU_531",0,3,0,0,0,0,0,10,0,0,0,0
"OTU_532",0,13,5,0,0,1,5,0,5,0,0,0
"OTU_533",0,0,0,0,0,0,0,91,0,0,0,0
"OTU_534",0,0,0,0,0,0,0,13,0,0,0,0
"OTU_535",0,0,0,0,0,0,5,0,0,0,0,0
"OTU_536",0,0,2,0,0,0,1,6,17,0,0,0
"OTU_537",4,13,3,0,0,0,0,8,0,0,0,0
"OTU_538",11,17,0,0,0,0,0,0,0,0,0,0
"OTU_539",1,20,0,0,0,0,0,0,0,0,0,0
"OTU_540",4,3,0,0,0,1,0,1,30,0,0,0
"OTU_541",0,0,4,5,0,0,3,0,0,0,0,0
"OTU_542",0,0,0,0,0,0,5,0,0,0,0,0
"OTU_543",0,0,0,0,0,0,2,14,0,0,0,0
"OTU_544",0,0,0,0,0,0,1,15,0,0,0,0
"OTU_545",2,12,0,0,0,0,0,0,0,0,0,0
"OTU_546",0,0,5,0,0,0,0,6,0,0,0,0
"OTU_547",0,0,3,0,0,0,0,0,16,0,0,0
"OTU_548",0,0,0,0,0,0,0,0,25,0,0,0
"OTU_549",0,0,0,0,0,0,1,7,0,0,0,0
"OTU_550",8,2,0,0,0,0,0,0,13,0,0,0
"OTU_551",9,0,0,0,0,0,0,5,0,0,0,0
"OTU_552",0,0,0,0,0,0,0,0,17,0,0,0
"OTU_553",2,13,0,0,0,0,1,0,34,0,0,0
"OTU_554",0,0,0,0,0,0,0,0,36,0,0,0
"OTU_555",0,0,0,0,0,0,5,0,0,0,0,0
"OTU_556",0,0,0,0,0,0,0,0,15,0,0,0
"OTU_557",0,0,0,10,16,0,0,0,0,0,0,0
"OTU_558",0,0,0,0,0,0,0,0,14,0,0,0
"OTU_559",0,0,0,1,0,0,0,0,20,0,0,0
"OTU_560",0,0,0,0,0,0,0,10,0,0,0,0
"OTU_561",1,14,0,0,0,0,0,0,0,0,0,0
"OTU_562",0,0,0,0,0,0,4,0,0,0,0,0
"OTU_563",1,10,0,0,0,0,0,0,0,0,0,0
"OTU_564",8,7,0,0,0,0,0,0,0,0,0,0
"OTU_565",0,0,0,1,1,4,0,0,0,0,0,0
"OTU_566",2,2,0,0,0,1,3,38,15,0,0,0
"OTU_567",16,2,14,0,0,2,1,106,26,0,0,0
"OTU_568",0,0,0,0,0,0,0,0,12,0,0,0
"OTU_569",0,4,0,0,0,0,0,0,22,0,0,0
"OTU_570",0,12,2,0,0,1,0,0,0,0,0,0
"OTU_571",0,0,0,0,0,0,0,3,0,0,0,0
"OTU_572",0,0,0,0,0,1,2,0,0,0,0,0
"OTU_573",0,0,0,0,0,0,0,3,0,0,0,0
"OTU_574",0,6,0,0,0,0,0,0,0,0,0,0
"OTU_575",1,8,11,0,0,0,1,0,0,0,0,0
"OTU_576",0,7,3,0,1,0,0,0,0,0,0,0
"OTU_577",0,0,0,0,0,0,0,0,5,0,0,0
"OTU_578",8,4,2,0,0,0,0,0,0,0,0,0
"OTU_579",1,0,0,3,1,0,0,0,0,0,0,0
"OTU_580",0,0,0,0,0,0,2,6,0,0,0,0
"OTU_581",9,8,2,0,0,0,2,46,0,0,0,0
"OTU_582",0,0,0,0,1,0,0,6,0,0,0,0
"OTU_583",0,0,2,1,0,0,0,2,0,0,0,0
"OTU_584",0,0,0,0,0,0,0,11,0,0,0,0
"OTU_585",8,9,2,0,0,0,0,0,0,0,0,0
"OTU_586",0,0,0,0,0,0,0,7,0,0,0,0
"OTU_587",2,0,0,0,0,0,0,6,0,0,0,0
"OTU_588",1,5,3,3,0,2,0,0,0,0,0,0
"OTU_589",0,0,0,0,0,0,8,0,20,0,0,0
"OTU_590",0,0,0,0,0,0,10,0,0,0,0,0
"OTU_591",1,11,5,0,0,0,0,13,55,0,0,1
"OTU_592",0,0,0,0,0,0,0,0,15,0,0,0
"OTU_593",0,0,0,0,0,0,0,3,0,0,0,0
"OTU_595",0,1,0,2,5,1,0,0,0,0,0,0
"OTU_596",0,12,7,0,1,0,0,0,21,0,0,0
"OTU_597",0,2,0,0,0,0,0,0,15,0,0,0
"OTU_598",0,0,0,0,0,0,0,0,38,0,0,0
"OTU_599",0,0,0,0,0,0,0,0,12,0,0,0
"OTU_600",0,0,0,0,0,0,2,0,0,0,0,0
"OTU_601",5,9,0,0,0,0,0,0,0,0,0,0
"OTU_602",4,10,0,0,0,0,22,0,0,0,0,0
"OTU_603",0,0,0,0,0,0,0,8,0,0,0,0
"OTU_604",0,0,0,1,2,2,1,0,0,0,0,0
"OTU_605",5,0,0,18,6,0,0,0,0,0,0,0
"OTU_606",0,0,1,3,0,2,0,0,0,0,0,0
"OTU_607",0,7,2,4,2,2,0,0,0,0,0,0
"OTU_608",0,0,0,0,0,0,14,0,0,0,0,0
"OTU_609",0,0,0,0,0,1,0,0,16,0,0,0
"OTU_610",5,13,2,0,0,0,0,0,0,0,0,0
"OTU_611",8,6,1,0,0,0,0,0,0,0,0,0
"OTU_612",0,0,0,0,0,0,0,0,11,0,0,0
"OTU_613",0,0,0,0,0,0,0,0,16,0,0,0
"OTU_614",0,0,0,0,0,0,0,0,42,0,0,0
"OTU_615",55,73,32,0,0,0,0,14,12,2,1,4
"OTU_616",0,0,0,0,0,0,0,4,0,0,0,0
"OTU_617",5,0,0,0,0,0,0,5,10,0,0,0
"OTU_618",0,0,0,0,0,0,0,0,14,0,0,0
"OTU_619",0,0,0,0,0,0,0,0,18,0,0,0
"OTU_620",3,4,0,0,0,0,0,0,0,0,0,0
"OTU_621",3,1,0,11,6,0,0,0,0,0,0,0
"OTU_622",0,0,0,0,0,0,0,7,0,0,0,0
"OTU_623",0,0,0,0,0,0,0,6,0,0,0,0
"OTU_624",0,0,0,0,0,0,0,4,0,0,0,0
"OTU_625",0,19,0,0,0,0,0,0,0,0,0,0
"OTU_626",0,0,0,0,0,0,4,10,0,0,0,0
"OTU_627",0,0,0,5,3,0,0,0,0,0,0,0
"OTU_628",16,17,4,0,0,0,0,0,0,0,0,0
"OTU_629",0,0,0,1,0,3,0,0,0,0,0,0
"OTU_630",2,0,0,0,0,0,0,0,22,0,0,0
"OTU_631",0,0,0,0,0,0,0,6,0,0,0,0
"OTU_632",0,0,0,0,0,0,0,9,0,0,0,0
"OTU_633",0,0,0,0,0,0,6,0,0,0,0,0
"OTU_634",0,0,0,0,0,0,0,7,0,0,0,0
"OTU_635",1,0,2,0,0,0,3,4,0,0,0,0
"OTU_636",0,0,0,0,0,0,0,12,0,0,0,0
"OTU_637",0,0,0,0,0,0,0,7,0,0,0,0
"OTU_638",6,3,3,0,2,0,0,0,0,0,0,0
"OTU_639",0,0,0,0,0,0,9,0,0,0,0,0
"OTU_640",3,2,0,0,0,2,1,0,0,0,0,0
"OTU_641",0,0,4,0,2,0,0,0,0,0,0,0
"OTU_642",0,0,0,0,0,0,5,0,0,0,0,0
"OTU_643",0,0,0,0,4,0,0,0,0,0,0,0
"OTU_644",0,5,4,0,0,0,0,0,0,0,0,0
"OTU_645",2,8,1,0,0,0,0,0,0,0,0,0
"OTU_646",0,11,0,0,0,0,0,0,0,0,0,0
"OTU_647",0,0,0,0,0,0,2,0,0,0,0,0
"OTU_648",0,0,0,0,0,0,0,2,0,0,0,0
"OTU_649",0,0,0,0,0,0,0,1,0,0,0,0
"OTU_650",15,0,6,0,0,0,0,0,0,0,0,0
"OTU_652",0,1,2,0,0,0,0,0,0,0,0,0
"OTU_653",0,0,0,0,0,0,0,1,0,0,0,0
"OTU_654",2,0,0,0,0,0,0,0,10,0,0,0
"OTU_655",0,9,0,0,0,0,0,0,0,0,0,0
"OTU_656",0,0,0,0,0,0,9,0,0,0,0,0
"OTU_657",2,0,0,0,0,0,0,0,15,0,0,0
"OTU_658",6,0,2,0,0,0,0,0,0,0,0,0
"OTU_659",0,0,0,0,0,0,9,0,0,0,0,0
"OTU_660",5,2,2,0,1,0,0,0,0,0,0,0
"OTU_661",0,0,0,0,0,0,0,0,18,0,0,0
"OTU_662",0,0,0,1,1,0,0,4,0,0,0,0
"OTU_663",2,0,0,0,0,1,1,0,0,0,0,0
"OTU_664",1,0,4,0,0,0,0,0,0,0,0,0
"OTU_665",0,13,0,0,0,0,0,0,0,0,0,0
"OTU_666",0,0,4,1,0,0,0,0,0,0,0,0
"OTU_667",0,0,0,6,2,0,0,0,0,0,0,0
"OTU_668",0,15,0,0,0,0,0,0,0,0,0,0
"OTU_669",0,0,0,0,0,0,0,8,0,0,0,0
"OTU_670",0,11,2,0,1,2,0,0,0,0,0,0
"OTU_671",0,0,0,0,0,0,0,0,5,0,0,0
"OTU_672",0,0,0,0,0,0,0,0,18,0,0,0
"OTU_673",12,0,0,0,0,0,0,0,0,0,0,0
"OTU_674",0,7,0,0,0,0,0,0,0,0,0,0
"OTU_675",0,0,0,0,0,0,4,0,0,0,0,0
"OTU_676",3,0,0,0,0,1,0,0,0,0,0,0
"OTU_677",0,0,0,0,0,0,16,0,0,0,0,0
"OTU_678",0,0,0,0,0,0,0,5,0,0,0,0
"OTU_679",1,0,8,0,0,0,0,0,0,0,0,0
"OTU_680",0,0,0,0,0,0,4,0,0,0,0,0
"OTU_681",0,9,0,0,0,0,0,0,0,0,0,0
"OTU_682",0,0,0,0,0,0,0,3,0,0,0,0
"OTU_683",3,2,0,0,2,0,0,0,0,0,0,0
"OTU_684",0,0,0,0,0,0,0,3,0,0,0,0
"OTU_685",0,0,3,0,0,0,0,0,13,0,0,0
"OTU_686",0,0,2,0,2,0,0,0,0,0,0,0
"OTU_687",5,0,0,0,0,0,3,0,0,0,0,0
"OTU_688",0,6,0,0,1,0,0,0,0,0,0,0
"OTU_689",0,0,0,0,0,0,0,9,0,0,0,0
"OTU_690",0,0,3,0,0,0,0,0,0,0,0,0
"OTU_691",0,0,0,0,0,0,0,0,11,0,0,0
"OTU_692",1,2,2,1,0,0,0,0,0,0,0,0
"OTU_693",3,5,0,0,0,0,0,0,0,0,0,0
"OTU_694",6,0,4,0,0,0,1,2,0,0,0,0
"OTU_695",0,0,0,0,0,0,2,0,0,0,0,0
"OTU_697",0,7,14,0,0,0,0,0,0,0,0,0
"OTU_698",0,0,0,0,0,0,0,5,0,0,0,0
"OTU_699",0,0,0,0,0,0,2,0,0,0,0,0
"OTU_700",3,4,0,0,0,0,0,0,0,0,0,0
"OTU_701",0,0,0,0,0,0,0,4,0,0,0,0
"OTU_702",0,0,0,0,0,0,0,0,14,0,0,0
"OTU_703",0,0,0,0,0,0,0,2,0,0,0,0
"OTU_704",22,5,6,0,0,0,0,0,0,0,0,0
"OTU_705",5,0,0,0,0,0,0,7,0,0,0,0
"OTU_706",0,0,0,0,0,0,5,0,0,0,0,0
"OTU_707",0,0,0,0,0,0,0,4,0,0,0,0
"OTU_708",2,2,0,0,0,1,0,0,0,0,0,0
"OTU_709",0,0,0,0,0,0,2,0,0,0,0,0
"OTU_710",0,0,0,0,0,0,0,0,10,0,0,0
"OTU_711",0,0,0,0,0,0,1,0,0,0,0,0
"OTU_712",0,0,0,0,0,0,2,0,0,0,0,0
"OTU_713",0,0,0,0,0,0,3,0,0,0,0,0
"OTU_714",0,0,0,0,0,0,0,2,0,0,0,0
"OTU_715",0,14,0,0,0,0,0,0,0,0,0,0
"OTU_716",0,0,0,0,0,0,6,0,0,0,0,0
"OTU_717",0,0,0,0,0,0,3,8,0,0,0,0
"OTU_718",0,0,0,0,0,0,0,0,7,0,0,0
"OTU_719",2,0,0,0,1,0,0,0,0,0,0,0
"OTU_720",0,0,1,0,0,1,0,0,0,0,0,0
"OTU_721",0,9,0,0,0,0,0,0,0,0,0,0
"OTU_722",0,14,0,0,0,0,0,0,0,0,0,0
"OTU_724",0,0,0,2,0,0,0,0,0,0,0,0
"OTU_725",0,0,0,0,0,0,6,0,0,0,0,0
"OTU_727",0,0,0,0,0,0,3,0,0,0,0,0
"OTU_728",0,0,0,0,0,0,1,0,0,0,0,0
"OTU_729",7,5,0,0,0,0,0,0,0,0,0,0
"OTU_730",0,0,0,3,1,0,0,0,0,0,0,0
"OTU_731",0,2,0,0,0,0,0,0,0,0,0,0
"OTU_732",0,0,0,0,0,0,0,0,8,0,0,0
"OTU_733",0,0,0,0,0,0,0,0,10,0,0,0
"OTU_734",0,0,0,0,0,0,4,0,0,0,0,0
"OTU_735",24,24,11,1,1,1,2,0,0,1,1,1
"OTU_736",0,0,0,0,1,0,4,0,0,0,0,0
"OTU_737",0,0,0,0,0,0,7,0,0,0,0,0
"OTU_738",0,0,0,0,0,0,0,0,15,0,0,0
"OTU_740",0,6,0,0,0,0,0,0,0,0,0,0
"OTU_741",0,0,0,0,0,0,1,0,0,0,0,0
"OTU_742",0,0,0,0,0,0,6,2,0,0,0,0
"OTU_743",0,0,0,0,0,0,5,0,0,0,0,0
"OTU_744",0,0,0,0,0,0,4,0,0,0,0,0
"OTU_745",0,0,3,0,0,0,0,0,0,0,0,0
"OTU_746",1,1,1,0,0,0,0,0,0,0,0,0
"OTU_747",2,11,0,0,0,0,0,0,0,0,0,0
"OTU_748",0,0,3,0,0,0,0,0,0,0,0,0
"OTU_749",2,6,0,0,0,0,0,0,0,0,0,0
"OTU_750",0,3,0,0,0,0,0,0,0,0,0,0
"OTU_751",0,0,0,0,0,0,2,0,0,0,0,0
"OTU_752",0,5,0,0,0,0,0,0,0,0,0,0
"OTU_753",0,11,0,0,0,0,0,0,0,0,0,0
"OTU_754",6,4,1,0,0,0,0,0,0,0,0,0
"OTU_755",0,0,0,3,1,3,0,0,0,0,0,0
"OTU_756",0,0,0,0,0,0,1,0,0,0,0,0
"OTU_757",5,3,0,0,0,0,0,0,0,0,0,0
"OTU_758",0,0,0,0,0,0,2,0,0,0,0,0
"OTU_759",3,8,0,0,0,2,0,0,0,0,0,0
"OTU_760",0,0,0,0,0,0,0,1,0,0,0,0
"OTU_761",5,0,2,0,0,0,0,0,0,0,0,0
"OTU_762",0,3,0,0,0,0,2,0,0,0,0,0
"OTU_763",13,2,0,0,0,0,0,0,0,0,0,0
"OTU_764",0,0,0,0,0,0,0,0,9,0,0,0
"OTU_765",3,1,0,0,0,0,0,0,0,0,0,0
"OTU_766",0,0,0,0,0,0,0,0,7,0,0,0
"OTU_767",0,0,0,0,0,0,7,0,0,0,0,0
"OTU_768",0,0,0,1,3,1,0,0,0,0,0,0
"OTU_769",0,10,0,0,0,0,0,0,0,0,0,0
"OTU_770",0,0,0,0,0,0,9,0,0,0,0,0
"OTU_771",0,4,0,0,0,0,0,0,0,0,0,0
"OTU_772",0,0,0,0,0,0,3,0,0,0,0,0
"OTU_773",0,4,2,0,0,0,0,0,0,0,0,0
"OTU_774",0,0,0,0,0,0,4,0,0,0,0,0
"OTU_775",0,0,0,0,0,0,5,0,0,0,0,0
"OTU_776",3,5,0,0,0,0,2,0,0,0,0,0
"OTU_777",0,0,0,0,0,0,1,0,0,0,0,0
"OTU_778",0,0,0,0,0,0,0,3,0,0,0,0
"OTU_779",0,0,0,0,0,0,3,3,0,0,0,0
"OTU_780",0,0,1,0,0,0,0,0,0,0,0,0
"OTU_781",0,0,0,0,0,0,0,3,0,0,0,0
"OTU_782",7,0,1,1,0,0,0,0,0,0,0,0
"OTU_783",0,0,3,0,0,0,0,0,0,0,0,0
"OTU_784",0,1,2,1,1,0,4,0,0,0,0,0
"OTU_785",0,0,0,0,0,0,2,0,0,0,0,0
"OTU_786",1,1,0,0,0,0,0,0,0,0,0,0
"OTU_787",0,5,0,0,0,0,0,0,0,0,0,0
"OTU_789",0,0,0,0,0,0,0,5,0,0,0,0
"OTU_790",0,0,0,0,0,0,6,0,0,0,0,0
"OTU_791",9,0,0,0,0,0,0,0,0,0,0,0
"OTU_792",0,0,0,0,1,0,0,0,0,0,0,0
"OTU_793",0,0,5,1,0,0,0,0,0,0,0,0
"OTU_794",0,0,0,0,0,0,0,4,0,0,0,0
"OTU_796",0,0,0,4,0,0,0,0,0,0,0,0
"OTU_797",0,0,2,0,0,0,1,0,0,0,0,0
"OTU_798",0,10,0,0,0,0,0,0,0,0,0,0
"OTU_799",0,0,0,0,0,1,0,0,0,0,0,0
"OTU_800",3,0,0,0,0,0,0,2,0,0,0,0
"OTU_801",0,0,0,0,0,1,1,0,0,0,0,0
"OTU_802",0,7,0,0,0,0,0,0,0,0,0,0
"OTU_803",0,3,0,0,0,0,2,0,0,0,0,0
"OTU_804",0,0,0,0,0,0,3,0,0,0,0,0
"OTU_805",0,0,6,0,0,0,0,0,0,0,0,0
"OTU_806",6,0,0,0,0,0,0,0,0,0,0,0
"OTU_807",7,3,0,0,0,0,3,0,0,0,0,0
"OTU_808",4,12,0,0,0,1,0,0,0,0,0,0
"OTU_809",4,0,0,0,0,0,0,0,26,0,0,0
"OTU_811",4,0,1,2,0,0,0,0,0,0,0,0
"OTU_812",3,0,0,2,1,0,0,0,0,0,0,0
"OTU_813",0,0,0,0,0,0,4,0,0,0,0,0
"OTU_814",2,0,0,0,0,0,0,0,0,0,0,0
"OTU_815",0,0,0,1,3,1,0,0,0,0,0,0
"OTU_816",0,0,0,0,0,0,2,0,0,0,0,0
"OTU_817",0,0,3,0,0,0,0,0,0,0,0,0
"OTU_818",0,0,1,0,0,0,0,3,0,0,0,0
"OTU_819",0,0,1,0,0,0,0,0,0,0,0,0
"OTU_821",0,0,0,0,0,1,0,0,0,0,0,0
"OTU_823",1,0,0,0,0,0,0,6,0,0,0,0
"OTU_824",0,0,5,0,0,0,0,0,0,0,0,0
"OTU_825",0,2,1,0,0,0,0,0,0,0,0,0
"OTU_826",1,0,0,9,4,1,0,0,0,0,0,0
"OTU_827",0,0,0,0,0,0,0,3,0,0,0,0
"OTU_828",1,0,1,1,0,2,0,0,6,0,0,0
"OTU_829",0,0,0,0,0,0,1,0,0,0,0,0
"OTU_830",1,13,0,0,0,0,0,0,0,0,0,0
"OTU_831",0,8,0,0,0,0,3,0,0,0,0,0
"OTU_832",0,6,0,0,0,0,1,1,0,0,0,0
"OTU_833",0,0,2,0,0,0,0,0,0,0,0,0
"OTU_834",14,21,6,0,2,0,5,96,158,0,0,1
"OTU_836",0,4,0,0,0,0,0,0,0,0,0,0
"OTU_837",0,1,0,0,1,0,3,0,0,0,0,0
"OTU_838",0,11,0,0,0,0,0,0,0,0,0,0
"OTU_839",0,0,0,0,0,0,1,0,0,0,0,0
"OTU_840",0,0,0,0,0,0,5,0,0,0,0,0
"OTU_841",0,1,3,0,0,0,0,0,0,0,0,0
"OTU_842",0,0,0,0,1,1,0,0,0,0,0,0
"OTU_843",0,1,0,0,0,0,4,0,0,0,0,0
"OTU_844",0,0,0,0,0,0,2,0,0,0,0,0
"OTU_845",4,0,0,2,1,0,0,0,0,0,0,0
"OTU_846",0,0,0,0,0,0,2,0,0,0,0,0
"OTU_847",0,0,0,0,0,0,3,0,0,0,0,0
"OTU_848",5,1,1,1,0,0,0,0,0,0,0,0
"OTU_849",0,0,0,0,0,0,2,0,4,0,0,0
"OTU_850",0,0,0,0,0,0,0,0,15,0,0,0
"OTU_851",0,0,0,0,0,0,8,0,0,0,0,0
"OTU_852",0,3,0,0,0,0,0,0,0,0,0,0
"OTU_853",0,0,0,0,3,0,0,0,0,0,0,0
"OTU_854",0,0,0,0,0,0,6,0,0,0,0,0
"OTU_855",0,4,0,0,0,0,0,0,0,0,0,0
"OTU_856",0,1,0,0,0,0,0,0,0,0,0,0
"OTU_857",11,0,0,0,0,2,0,0,0,0,0,0
"OTU_858",0,4,3,0,0,0,0,0,0,0,0,0
"OTU_859",8,13,4,0,0,0,0,26,48,0,0,0
"OTU_860",3,0,0,0,0,0,0,0,0,0,0,0
"OTU_861",0,0,0,1,0,0,0,0,0,0,0,0
"OTU_862",0,0,6,0,0,0,0,0,0,0,0,0
"OTU_863",0,0,0,0,0,0,5,0,0,0,0,0
"OTU_864",0,5,0,0,0,0,0,0,0,0,0,0
"OTU_865",0,0,5,0,0,0,0,0,0,0,0,0
"OTU_866",0,0,0,0,0,0,4,0,0,0,0,0
"OTU_868",0,0,0,0,0,0,7,0,0,0,0,0
"OTU_869",0,0,0,1,0,2,0,0,0,0,0,0
"OTU_872",0,0,0,5,1,0,0,0,0,0,0,0
"OTU_873",0,0,0,0,0,0,3,0,0,0,0,0
"OTU_874",0,0,0,1,0,0,0,0,0,0,0,0
"OTU_875",0,0,0,4,4,0,0,0,0,0,0,0
"OTU_876",11,11,3,0,0,1,1,0,37,0,0,0
"OTU_877",0,0,0,0,0,0,0,3,0,0,0,0
"OTU_878",0,4,0,0,0,0,0,0,0,0,0,0
"OTU_879",0,0,0,0,0,0,4,0,0,0,0,0
"OTU_880",0,3,0,0,0,1,0,0,0,0,0,0
"OTU_881",1,0,0,0,0,0,0,0,0,0,0,0
"OTU_882",0,0,0,0,0,0,2,0,0,0,0,0
"OTU_883",0,7,0,0,0,0,0,0,0,0,0,0
"OTU_884",0,2,0,0,0,0,0,0,0,0,0,0
"OTU_885",0,0,0,0,0,2,0,0,0,2,0,0
"OTU_887",4,4,1,0,0,2,0,0,0,0,0,0
"OTU_888",0,0,0,0,0,0,3,0,0,0,0,0
"OTU_889",10,0,0,1,0,0,0,0,0,0,0,0
"OTU_890",0,0,0,0,0,0,0,0,14,0,0,0
"OTU_891",2,7,0,0,0,0,0,1,0,0,0,0
"OTU_892",4,0,1,0,0,0,0,0,0,0,0,0
"OTU_893",0,0,1,0,0,0,0,0,0,0,0,0
"OTU_894",0,0,0,4,9,1,0,0,0,2,4,3
"OTU_897",0,0,0,0,0,0,3,0,0,0,0,0
"OTU_898",0,2,0,0,0,0,0,0,0,0,0,0
"OTU_899",0,0,0,0,0,0,5,0,0,0,0,0
"OTU_900",0,0,0,0,0,0,0,3,0,0,0,0
"OTU_901",0,0,0,0,0,0,1,0,0,0,0,0
"OTU_902",5,2,2,2,2,3,0,0,0,0,0,0
"OTU_905",0,0,0,1,0,0,0,0,0,0,0,0
"OTU_906",3,0,0,0,0,0,0,0,0,0,0,0
"OTU_907",0,0,0,0,0,0,1,0,0,0,0,0
"OTU_908",0,0,0,0,0,0,0,1,0,0,0,0
"OTU_910",0,0,0,0,0,0,1,0,0,0,0,0
"OTU_911",5,0,0,1,4,2,2,21,0,0,0,0
"OTU_912",0,0,0,0,0,0,2,0,0,0,0,0
"OTU_913",0,0,0,0,0,2,0,0,0,0,0,0
"OTU_914",0,0,1,0,0,0,0,0,0,0,0,0
"OTU_915",0,0,0,0,0,0,4,0,0,0,0,0
"OTU_916",0,0,0,0,0,0,2,0,0,0,0,0
"OTU_918",0,4,0,0,0,0,0,0,0,0,0,0
"OTU_919",0,0,5,0,0,0,0,0,0,0,0,0
"OTU_920",0,7,0,0,0,0,0,0,0,0,0,0
"OTU_921",0,1,0,0,0,0,0,0,0,0,0,0
"OTU_922",0,0,1,2,0,0,0,0,31,0,0,0
"OTU_924",0,5,0,0,0,0,0,0,0,0,0,0
"OTU_925",7,0,0,0,0,0,0,0,0,0,0,0
"OTU_926",0,0,2,0,0,0,0,0,0,0,0,0
"OTU_927",6,1,0,0,0,0,0,0,0,0,0,0
"OTU_928",6,10,4,1,2,1,0,32,52,0,0,0
"OTU_929",0,0,0,2,0,0,3,0,0,0,0,0
"OTU_930",0,0,0,0,0,0,1,0,0,0,0,0
"OTU_931",0,0,0,2,0,1,0,0,0,0,0,0
"OTU_932",0,1,2,0,0,0,0,0,0,0,0,0
"OTU_934",0,4,0,0,0,0,0,0,0,0,0,0
"OTU_935",0,0,0,1,1,0,0,0,0,0,0,0
"OTU_936",2,0,0,0,0,0,0,0,0,0,0,0
"OTU_937",0,0,0,0,0,0,1,0,0,0,0,0
"OTU_938",3,0,0,0,1,0,0,0,0,0,0,0
"OTU_939",0,0,0,0,0,0,2,0,0,0,0,0
"OTU_940",0,0,0,1,1,0,0,0,0,0,0,0
"OTU_941",0,0,0,2,4,1,4,17,49,0,0,0
"OTU_942",0,0,0,0,0,0,1,0,0,0,0,0
"OTU_943",0,0,0,1,1,0,0,0,0,0,0,0
"OTU_944",0,0,0,0,0,0,0,3,0,0,0,0
"OTU_945",1,0,0,0,0,0,0,0,14,0,0,0
"OTU_947",6,0,0,0,0,0,0,0,0,0,0,0
"OTU_948",3,7,1,0,0,0,0,0,0,0,0,0
"OTU_949",0,8,0,1,0,0,0,0,0,0,0,0
"OTU_950",0,2,0,0,0,0,0,0,0,0,0,0
"OTU_951",0,0,0,0,0,0,0,2,0,0,0,0
"OTU_952",0,0,0,3,0,0,0,0,0,0,0,0
"OTU_953",0,0,0,0,0,0,1,0,0,0,0,0
"OTU_954",0,0,0,0,0,0,6,0,0,0,0,0
"OTU_956",0,0,0,0,0,0,0,2,0,0,0,0
"OTU_957",0,0,2,0,0,0,0,0,0,0,0,0
"OTU_958",0,0,0,1,0,0,0,0,0,0,0,0
"OTU_959",0,1,0,0,0,0,0,0,0,0,0,0
"OTU_960",0,0,0,0,0,0,2,0,0,0,0,0
"OTU_962",0,0,0,3,2,0,0,0,0,0,0,0
"OTU_963",1,4,0,0,0,0,0,0,0,0,0,0
"OTU_964",0,0,0,0,0,0,4,0,0,0,0,0
"OTU_965",0,0,0,0,1,0,0,0,0,0,0,0
"OTU_967",0,2,0,0,2,1,0,0,0,0,0,0
"OTU_968",0,0,0,0,0,1,0,0,0,0,0,0
"OTU_969",0,4,0,0,1,0,0,0,0,0,0,0
"OTU_972",0,0,3,0,0,0,0,0,0,0,0,0
"OTU_973",0,0,0,0,0,0,3,0,0,0,0,0
"OTU_974",0,0,0,0,0,0,1,0,0,0,0,0
"OTU_975",1,0,0,0,1,0,0,0,0,0,0,0
"OTU_976",6,5,0,0,0,0,0,0,0,0,0,0
"OTU_977",0,0,10,0,0,0,0,0,0,0,0,0
"OTU_978",0,3,0,1,0,2,0,0,0,0,0,0
"OTU_979",0,0,0,0,0,0,4,0,0,0,0,0
"OTU_980",0,0,0,0,0,0,0,2,0,0,0,0
"OTU_981",0,4,2,0,0,0,0,0,0,0,0,0
"OTU_983",0,1,0,0,0,0,0,0,0,0,0,0
"OTU_987",0,2,0,0,0,0,0,0,0,0,0,0
"OTU_988",4,0,0,0,0,0,0,0,0,0,0,0
"OTU_989",0,1,0,0,0,0,1,0,0,0,0,0
"OTU_990",0,0,1,0,0,0,0,0,5,0,0,0
"OTU_992",0,0,0,0,0,0,3,0,0,0,0,0
"OTU_993",0,0,0,3,1,0,0,0,0,0,0,0
"OTU_996",0,0,3,0,0,0,0,0,0,0,0,0
"OTU_997",0,0,0,0,0,0,2,0,0,0,0,0
"OTU_999",0,0,1,0,0,0,0,0,0,0,0,0
"OTU_1000",0,1,0,0,0,0,0,0,0,0,0,0
"OTU_1001",0,0,2,0,0,0,0,0,0,0,0,0
"OTU_1004",0,0,0,0,2,0,0,0,0,0,0,0
"OTU_1005",0,6,0,0,0,0,0,0,0,0,0,0
"OTU_1007",0,0,0,0,0,0,3,0,0,0,0,0
"OTU_1008",4,0,0,1,0,0,0,0,0,0,0,0
"OTU_1009",0,0,1,0,0,0,0,0,0,0,0,0
"OTU_1010",0,0,0,0,0,0,0,0,14,0,0,0
"OTU_1011",0,0,0,0,1,0,0,0,0,0,0,0
"OTU_1012",0,0,0,1,1,0,0,0,0,0,0,0
"OTU_1013",0,0,0,0,0,0,1,0,0,0,0,0
"OTU_1014",0,0,0,2,15,2,0,0,0,0,0,0
"OTU_1015",0,5,0,0,0,0,0,0,0,0,0,0
"OTU_1016",0,0,0,0,0,0,3,0,0,0,0,0
"OTU_1017",0,0,2,0,0,0,0,0,0,0,0,0
"OTU_1018",0,2,0,1,0,0,5,0,0,0,0,0
"OTU_1020",0,0,0,0,0,0,1,0,0,0,0,0
"OTU_1021",3,0,0,0,0,0,0,0,0,0,0,0
"OTU_1022",0,0,0,2,0,0,0,0,0,0,0,0
"OTU_1023",0,0,0,0,0,0,1,0,0,0,0,0
"OTU_1024",0,0,0,0,1,0,0,0,0,0,0,0
"OTU_1025",1,0,0,0,0,0,0,0,0,0,0,0
"OTU_1027",0,0,0,0,3,0,0,0,0,0,0,0
"OTU_1028",0,0,0,0,3,0,0,0,0,0,0,0
"OTU_1029",0,0,0,0,0,0,0,0,8,0,0,0
"OTU_1031",0,0,0,2,0,0,0,0,0,0,0,0
"OTU_1032",0,0,0,1,0,0,0,0,0,0,0,0
"OTU_1033",0,0,1,0,0,0,0,0,0,0,0,0
"OTU_1034",0,0,0,6,0,0,0,0,0,0,0,0
"OTU_1035",0,1,0,0,0,0,0,0,0,0,0,0
"OTU_1036",0,0,0,0,1,0,0,0,0,0,0,0
"OTU_1037",0,0,0,0,0,0,0,5,0,0,0,0
"OTU_1038",0,0,0,1,0,0,0,0,0,0,0,0
"OTU_1039",2,0,0,0,0,0,0,4,0,0,0,0
"OTU_1040",0,1,0,0,0,0,0,0,0,0,0,0
"OTU_1041",2,0,0,0,0,0,0,0,0,0,0,0
"OTU_1043",0,3,0,0,0,0,0,0,0,0,0,0
"OTU_1045",4,0,0,0,0,0,0,0,0,0,0,0
"OTU_1048",0,0,0,0,0,1,0,0,0,0,0,0
"OTU_1049",5,0,0,0,0,0,0,0,0,0,0,0
"OTU_1050",3,0,0,0,0,0,0,0,0,0,0,0
"OTU_1051",5,0,0,0,0,0,0,0,0,0,0,0
"OTU_1052",0,0,0,0,0,0,1,0,0,0,0,0
"OTU_1054",0,3,0,0,0,0,0,0,0,0,0,0
"OTU_1056",1,0,1,0,0,0,0,0,0,0,0,0
"OTU_1057",5,0,0,0,0,0,0,0,0,0,0,0
"OTU_1060",0,2,1,0,0,0,0,0,0,0,0,0
"OTU_1062",0,0,0,0,0,0,3,0,0,0,0,0
"OTU_1063",0,0,0,1,0,0,0,0,0,0,0,0
"OTU_1065",0,7,0,0,0,0,0,0,42,0,0,0
"OTU_1066",0,11,0,0,0,0,0,0,0,0,0,0
"OTU_1067",0,0,0,0,0,0,0,1,31,0,0,0
"OTU_1068",0,0,0,0,0,0,1,0,0,0,0,0
"OTU_1069",0,0,0,0,0,0,1,0,0,0,0,0
"OTU_1070",0,0,0,0,2,0,0,0,0,0,0,0
"OTU_1071",0,2,0,0,0,0,0,0,0,0,0,0
"OTU_1072",0,0,0,0,0,0,3,0,0,0,0,0
"OTU_1073",3,9,17,0,0,0,0,0,0,0,0,0
"OTU_1074",0,0,1,0,0,0,0,0,0,0,0,0
"OTU_1076",0,0,0,3,0,0,0,0,0,0,0,0
"OTU_1077",0,0,0,0,1,0,0,0,0,0,0,0
"OTU_1078",0,0,1,0,0,0,0,0,0,0,0,0
"OTU_1079",7,0,0,0,0,0,0,0,0,0,0,0
"OTU_1080",0,5,1,0,0,0,0,0,0,0,0,0
"OTU_1081",2,15,2,0,0,0,0,12,0,0,0,0
"OTU_1082",0,2,0,0,2,0,0,0,0,0,0,0
"OTU_1083",0,0,0,1,1,0,0,0,0,0,0,0
"OTU_1084",0,2,0,2,1,0,0,0,0,0,0,0
"OTU_1085",0,0,0,0,0,0,2,0,0,0,0,0
"OTU_1087",0,0,0,0,0,0,0,0,0,1,0,0
"OTU_1088",0,0,0,0,2,0,0,0,0,0,0,0
"OTU_1089",0,0,0,0,0,1,0,0,0,0,0,0
"OTU_1092",7,0,0,0,0,1,0,0,0,0,0,1
"OTU_1094",8,2,0,0,0,0,0,0,0,0,0,0
"OTU_1095",36,3,14,0,0,0,1,0,30,0,0,0
"OTU_1096",0,2,0,0,0,0,0,0,0,0,0,0
"OTU_1097",0,2,0,0,0,0,0,0,0,0,0,0
"OTU_1098",0,5,0,0,0,2,0,0,0,0,0,0
"OTU_1100",0,0,0,1,0,0,0,0,0,0,0,0
"OTU_1101",0,5,0,0,0,0,0,0,0,0,0,0
"OTU_1102",0,0,2,0,0,0,0,0,0,0,0,0
"OTU_1103",2,0,0,0,0,0,0,0,0,0,0,0
"OTU_1104",0,4,0,0,0,0,0,0,0,0,0,0
"OTU_1105",0,1,0,0,0,0,0,0,0,0,0,0
"OTU_1106",0,3,0,0,0,0,0,0,0,0,0,0
"OTU_1108",50,125,7,0,0,0,4,0,0,0,0,0
"OTU_1109",0,2,0,0,0,0,0,0,0,0,0,0
"OTU_1110",0,0,1,0,0,1,0,0,0,0,0,0
"OTU_1111",0,8,0,0,0,0,0,0,0,0,0,0
"OTU_1112",3,0,0,0,0,0,0,0,0,0,0,0
"OTU_1113",0,0,0,0,0,3,0,0,0,0,0,0
"OTU_1114",0,2,0,0,0,0,0,0,0,0,0,0
"OTU_1115",0,0,0,0,0,0,0,0,0,0,1,0
"OTU_1117",0,0,0,0,0,1,0,0,0,0,0,0
"OTU_1119",0,0,0,0,0,0,0,0,0,0,0,1
"OTU_1120",0,0,0,0,0,0,1,0,0,0,0,0
"OTU_1121",0,4,0,0,0,0,0,0,0,0,0,0
"OTU_1122",0,0,0,0,0,0,2,0,0,0,0,0
"OTU_1123",0,2,0,0,0,0,0,0,0,0,0,0
"OTU_1124",0,2,0,0,0,0,0,0,0,0,0,0
"OTU_1125",0,0,0,0,0,0,1,0,0,0,0,0
"OTU_1126",0,2,0,0,0,0,0,0,0,0,0,0
"OTU_1128",5,0,0,0,0,0,0,0,0,0,0,0
"OTU_1129",1,0,0,0,0,0,0,0,0,0,0,0
"OTU_1131",5,0,0,0,0,0,0,0,0,0,0,0
"OTU_1132",0,0,0,0,0,0,2,0,0,0,0,0
"OTU_1133",4,0,0,0,0,0,0,0,0,0,0,0
"OTU_1134",0,0,0,1,0,0,0,0,0,0,0,0
"OTU_1137",2,0,0,0,0,0,0,0,0,0,0,0
"OTU_1138",0,0,0,0,0,0,0,1,0,0,0,0
"OTU_1140",0,2,0,0,0,0,0,0,0,0,0,0
"OTU_1142",0,0,1,1,1,2,0,0,0,0,0,0
"OTU_1143",2,0,0,0,0,0,0,0,0,0,0,0
"OTU_1144",4,0,0,0,0,0,0,0,0,0,0,0
"OTU_1145",0,1,0,0,0,0,0,0,0,0,0,0
"OTU_1146",13,9,47,0,1,0,0,0,0,0,0,0
"OTU_1147",0,0,0,2,0,4,0,0,0,0,0,0
"OTU_1148",0,0,2,0,0,0,0,0,2,0,0,0
"OTU_1150",0,0,1,0,0,0,0,0,0,0,0,0
"OTU_1151",0,6,0,0,0,0,0,0,0,0,0,0
"OTU_1154",0,1,3,0,0,0,1,0,0,0,0,0
"OTU_1155",0,0,0,1,0,0,0,0,0,0,0,0
"OTU_1157",3,0,0,0,0,0,0,0,0,0,0,0
"OTU_1158",0,0,0,0,0,0,1,0,0,0,0,0
"OTU_1159",0,2,0,0,0,0,0,0,0,0,0,0
"OTU_1161",3,0,0,0,0,0,0,0,0,0,0,0
"OTU_1162",0,0,0,0,2,0,0,0,0,0,0,0
"OTU_1164",0,1,0,0,0,0,0,0,0,0,0,0
"OTU_1165",0,1,0,0,0,0,0,0,0,0,0,0
"OTU_1166",3,5,0,0,0,0,5,0,0,0,0,0
"OTU_1167",0,3,0,0,0,0,0,0,0,0,0,0
"OTU_1168",0,4,0,0,0,0,0,0,0,0,0,0
"OTU_1169",1,0,0,0,0,0,0,0,0,0,0,0
"OTU_1170",0,0,0,0,0,0,2,0,0,0,0,0
"OTU_1171",0,0,0,0,0,0,11,0,0,0,0,0
"OTU_1172",4,0,0,0,0,0,0,0,0,0,0,0
"OTU_1173",0,0,0,0,0,0,1,0,0,0,0,0
"OTU_1174",0,1,0,0,0,0,0,0,0,0,0,0
"OTU_1175",0,0,0,0,0,0,1,0,0,0,0,0
"OTU_1176",0,0,0,0,2,0,0,0,0,0,0,0
"OTU_1177",0,1,0,0,0,0,0,0,0,0,0,0
"OTU_1178",0,0,0,1,0,0,0,0,0,0,0,0
"OTU_1179",0,0,0,0,1,0,0,0,0,0,0,0
"OTU_1181",0,3,0,0,0,0,0,0,0,0,0,0
"OTU_1182",0,1,0,0,0,0,0,0,0,0,0,0
"OTU_1184",0,2,0,0,0,0,0,0,0,0,0,0
"OTU_1185",0,0,0,0,0,0,1,0,0,0,0,0
"OTU_1187",0,0,0,1,1,0,0,0,0,0,0,0
"OTU_1188",0,0,0,2,0,0,0,0,0,0,0,0
"OTU_1189",2,0,0,0,0,0,0,0,0,0,0,0
"OTU_1190",3,0,0,0,0,0,0,0,0,0,0,0
"OTU_1191",0,0,0,3,0,0,0,0,0,0,0,0
"OTU_1192",0,2,0,0,0,0,0,0,0,0,0,0
"OTU_1194",0,0,5,2,0,0,4,0,52,0,0,0
"OTU_1195",8,0,0,0,0,0,0,0,0,0,0,0
"OTU_1196",0,0,0,3,0,0,0,0,0,0,0,0
"OTU_1201",4,0,0,0,0,0,0,0,0,0,0,0
"OTU_1203",0,0,2,0,0,0,0,0,0,0,0,0
"OTU_1205",0,0,0,0,0,1,0,0,0,0,0,0
"OTU_1206",0,2,0,0,0,0,0,0,0,0,0,0
"OTU_1207",0,0,0,0,0,0,0,0,0,0,1,0
"OTU_1208",1,0,0,0,0,0,0,0,0,0,0,0
"OTU_1210",1,0,0,0,0,0,0,0,0,0,0,0
"OTU_1211",0,0,0,2,0,0,0,0,0,0,0,0
"OTU_1214",3,0,0,0,0,0,0,0,0,0,0,0
"OTU_1216",0,0,0,1,0,0,0,0,0,0,0,0
"OTU_1218",0,3,0,0,0,0,0,0,0,0,0,0
"OTU_1219",0,1,0,0,0,0,0,0,0,0,0,0
"OTU_1220",0,0,3,0,0,0,0,0,0,0,0,0
"OTU_1222",3,3,5,0,0,0,0,0,1,0,0,0
"OTU_1226",0,4,0,0,0,0,0,0,0,0,0,0
"OTU_1227",0,3,0,0,0,0,0,0,0,0,0,0
"OTU_1228",2,4,0,0,0,0,0,0,0,0,0,0
"OTU_1229",2,0,0,0,0,0,0,0,0,0,0,0
"OTU_1230",0,0,0,0,0,0,3,0,0,0,0,0
"OTU_1231",0,0,4,0,0,0,0,0,0,0,0,0
"OTU_1232",0,0,1,0,0,0,0,0,0,0,0,0
"OTU_1233",0,0,0,0,0,1,0,0,0,0,0,0
"OTU_1237",0,3,0,0,0,0,0,0,0,0,0,0
"OTU_1238",0,2,0,0,0,0,0,0,0,0,0,0
"OTU_1240",0,0,0,0,0,0,0,0,8,0,0,0
"OTU_1242",0,0,0,0,0,0,1,0,0,0,0,0
"OTU_1244",2,0,0,0,0,0,0,0,0,0,0,0
"OTU_1245",0,3,0,0,0,0,0,0,0,0,0,0
"OTU_1246",3,0,0,0,0,0,0,0,0,0,0,0
"OTU_1251",0,4,0,0,0,0,0,0,0,0,0,0
"OTU_1253",0,0,0,0,1,0,0,0,0,0,0,0
"OTU_1255",0,0,0,0,0,0,1,0,0,0,0,0
"OTU_1256",3,0,0,0,0,0,0,0,0,0,0,0
"OTU_1258",0,0,0,0,0,0,3,0,0,0,0,0
"OTU_1260",0,0,0,0,0,0,0,2,0,0,0,0
"OTU_1262",0,0,0,1,0,0,0,0,0,0,0,0
"OTU_1263",0,0,0,0,0,0,2,0,0,0,0,0
"OTU_1265",2,1,0,0,0,0,0,0,0,0,0,0
"OTU_1266",1,0,0,0,0,0,0,0,0,0,0,0
"OTU_1267",0,0,2,0,0,0,0,0,0,0,0,0
"OTU_1268",0,0,0,0,0,0,1,0,0,0,0,0
"OTU_1269",6,3,0,0,0,0,0,0,0,0,0,0
"OTU_1270",0,0,0,0,0,0,1,0,0,0,0,0
"OTU_1271",0,0,3,0,0,0,0,0,0,0,0,0
"OTU_1272",1,0,0,0,0,0,0,0,0,0,0,0
"OTU_1273",0,2,1,0,0,0,0,0,0,0,0,0
"OTU_1274",0,3,0,0,0,0,0,0,0,0,0,0
"OTU_1275",0,0,1,1,0,0,0,0,0,0,0,0
"OTU_1276",0,0,1,0,0,0,0,0,0,0,0,0
"OTU_1278",2,6,11,0,0,0,0,1,1,0,0,0
"OTU_1279",0,0,0,0,1,1,0,0,0,0,2,0
"OTU_1280",0,1,0,0,3,0,0,1,0,0,0,0
"OTU_1281",0,0,0,0,0,1,0,0,0,0,0,0
"OTU_1283",1,0,0,0,0,0,0,0,0,0,0,0
"OTU_1284",0,0,0,0,0,0,2,0,0,0,0,0
"OTU_1285",0,0,2,0,0,0,0,0,0,0,0,0
